-- MySQL dump 10.13  Distrib 8.0.19, for Win64 (x86_64)
--
-- Host: localhost    Database: covid19
-- ------------------------------------------------------
-- Server version	8.0.19

/*!40101 SET @OLD_CHARACTER_SET_CLIENT=@@CHARACTER_SET_CLIENT */;
/*!40101 SET @OLD_CHARACTER_SET_RESULTS=@@CHARACTER_SET_RESULTS */;
/*!40101 SET @OLD_COLLATION_CONNECTION=@@COLLATION_CONNECTION */;
/*!50503 SET NAMES utf8 */;
/*!40103 SET @OLD_TIME_ZONE=@@TIME_ZONE */;
/*!40103 SET TIME_ZONE='+00:00' */;
/*!40014 SET @OLD_UNIQUE_CHECKS=@@UNIQUE_CHECKS, UNIQUE_CHECKS=0 */;
/*!40014 SET @OLD_FOREIGN_KEY_CHECKS=@@FOREIGN_KEY_CHECKS, FOREIGN_KEY_CHECKS=0 */;
/*!40101 SET @OLD_SQL_MODE=@@SQL_MODE, SQL_MODE='NO_AUTO_VALUE_ON_ZERO' */;
/*!40111 SET @OLD_SQL_NOTES=@@SQL_NOTES, SQL_NOTES=0 */;

--
-- Table structure for table `almacen_hospital`
--

DROP TABLE IF EXISTS `almacen_hospital`;
/*!40101 SET @saved_cs_client     = @@character_set_client */;
/*!50503 SET character_set_client = utf8mb4 */;
CREATE TABLE `almacen_hospital` (
  `NroHospital` int unsigned NOT NULL,
  `CodigoSuministro` varchar(6) NOT NULL,
  `Cant_TotalSum` int unsigned DEFAULT NULL,
  KEY `fk_Almacen_Hospital_Hospital1_idx` (`NroHospital`),
  KEY `fk_Almacen_Hospital_Suministros1_idx` (`CodigoSuministro`),
  CONSTRAINT `fk_Almacen_Hospital_Hospital1` FOREIGN KEY (`NroHospital`) REFERENCES `hospital` (`NroHospital`),
  CONSTRAINT `fk_Almacen_Hospital_Suministros1` FOREIGN KEY (`CodigoSuministro`) REFERENCES `suministros` (`CodigoSuministro`)
) ENGINE=InnoDB DEFAULT CHARSET=utf8;
/*!40101 SET character_set_client = @saved_cs_client */;

--
-- Dumping data for table `almacen_hospital`
--

LOCK TABLES `almacen_hospital` WRITE;
/*!40000 ALTER TABLE `almacen_hospital` DISABLE KEYS */;
/*!40000 ALTER TABLE `almacen_hospital` ENABLE KEYS */;
UNLOCK TABLES;

--
-- Table structure for table `camas`
--

DROP TABLE IF EXISTS `camas`;
/*!40101 SET @saved_cs_client     = @@character_set_client */;
/*!50503 SET character_set_client = utf8mb4 */;
CREATE TABLE `camas` (
  `NroCama` int unsigned NOT NULL,
  PRIMARY KEY (`NroCama`),
  UNIQUE KEY `NroCama_UNIQUE` (`NroCama`)
) ENGINE=InnoDB DEFAULT CHARSET=utf8;
/*!40101 SET character_set_client = @saved_cs_client */;

--
-- Dumping data for table `camas`
--

LOCK TABLES `camas` WRITE;
/*!40000 ALTER TABLE `camas` DISABLE KEYS */;
INSERT INTO `camas` VALUES (1),(3),(5),(6),(7),(8),(12),(13),(14),(15),(19),(22),(23),(25),(26),(27),(28),(32),(33),(36),(37),(38),(39),(41),(42),(44),(47),(51),(53),(54),(60),(62),(63),(65),(68),(69),(75),(80),(85),(91),(94),(95),(96),(97),(98),(99),(100),(102),(105),(106),(109),(110),(111),(112),(113),(115),(116),(117),(119),(120),(124),(128),(129),(132),(134),(135),(139),(144),(145),(148),(149),(150),(159),(161),(162),(163),(168),(169),(172),(174),(186),(187),(188),(193),(194),(196),(197),(201),(203),(205),(207),(208),(209),(211),(213),(216),(218),(219),(220),(221),(222),(223),(226),(229),(230),(231),(236),(237),(241),(242),(243),(245),(247),(248),(252),(255),(259),(260),(266),(269),(270),(272),(274),(275),(277),(278),(281),(287),(288),(289),(290),(291),(299),(304),(309),(310),(311),(314),(316),(318),(319),(320),(321),(325),(326),(327),(328),(329),(333),(335),(336),(341),(346),(350),(351),(352),(354),(355),(358),(359),(360),(363),(365),(366),(369),(370),(372),(373),(376),(384),(385),(387),(388),(390),(391),(392),(393),(401),(402),(403),(408),(409),(411),(414),(416),(419),(423),(426),(430),(437),(442),(443),(446),(448),(452),(453),(457),(460),(461),(463),(465),(469),(472),(475),(476),(477),(479),(480),(482),(483),(485),(486),(489),(491),(493),(495),(497),(498),(502),(503),(509),(510),(511),(517),(518),(524),(525),(526),(529),(530),(532),(535),(537),(538),(543),(546),(548),(549),(552),(553),(555),(556),(560),(562),(564),(565),(567),(568),(570),(571),(572),(573),(579),(580),(581),(588),(590),(591),(593),(595),(596),(597),(602),(603),(607),(608),(613),(617),(619),(620),(621),(622),(623),(624),(627),(628),(629),(633),(635),(636),(637),(639),(640),(644),(645),(646),(648),(654),(655),(656),(659),(663),(664),(671),(672),(673),(674),(675),(679),(683),(685),(687),(688),(689),(690),(691),(695),(696),(698),(701),(708),(712),(714),(715),(717),(718),(719),(726),(729),(732),(734),(737),(738),(741),(742),(743),(744),(745),(746),(747),(749),(750),(751),(752),(754),(755),(758),(762),(763),(766),(768),(774),(776),(777),(780),(782),(783),(787),(788),(791),(793),(794),(795),(796),(798),(800),(801),(802),(804),(805),(806),(807),(811),(812),(813),(814),(817),(818),(823),(825),(826),(831),(834),(837),(838),(842),(843),(844),(845),(846),(847),(848),(849),(851),(858),(859),(860),(861),(863),(865),(867),(872),(873),(876),(877),(878),(884),(886),(887),(888),(897),(901),(904),(908),(911),(913),(914),(915),(916),(918),(919),(921),(922),(923),(926),(927),(928),(933),(935),(937),(938),(939),(942),(947),(953),(956),(960),(961),(964),(967),(968),(969),(970),(974),(975),(977),(979),(980),(985),(990),(997),(1000),(1001),(1004),(1011),(1012),(1013),(1017),(1019),(1021),(1025),(1030),(1031),(1032),(1035),(1036),(1038),(1039),(1040),(1041),(1042),(1044),(1045),(1046),(1049),(1051),(1056),(1058),(1060),(1061),(1062),(1064),(1065),(1066),(1069),(1070),(1071),(1072),(1082),(1085),(1087),(1090),(1091),(1093),(1095),(1098),(1099),(1101),(1102),(1103),(1108),(1111),(1113),(1114),(1117),(1120),(1121),(1124),(1126),(1128),(1129),(1130),(1133),(1136),(1137),(1138),(1142),(1143),(1146),(1148),(1151),(1152),(1153),(1154),(1156),(1159),(1161),(1165),(1170),(1173),(1181),(1184),(1185),(1188),(1189),(1192),(1193),(1194),(1196),(1197),(1199),(1200),(1203),(1207),(1208),(1213),(1215),(1219),(1220),(1223),(1226),(1230),(1232),(1236),(1243),(1245),(1248),(1250),(1251),(1253),(1254),(1255),(1259),(1264),(1265),(1266),(1267),(1270),(1271),(1273),(1274),(1275),(1284),(1287),(1294),(1296),(1297),(1299),(1300),(1301),(1303),(1305),(1307),(1308),(1313),(1315),(1317),(1321),(1322),(1323),(1329),(1330),(1331),(1332),(1334),(1337),(1340),(1343),(1347),(1357),(1358),(1359),(1360),(1361),(1362),(1363),(1365),(1367),(1368),(1372),(1376),(1378),(1380),(1381),(1387),(1393),(1395),(1398),(1399),(1402),(1404),(1405),(1408),(1409),(1410),(1412),(1415),(1416),(1417),(1418),(1419),(1422),(1423),(1424),(1425),(1426),(1428),(1430),(1431),(1435),(1437),(1439),(1440),(1441),(1442),(1446),(1449),(1450),(1451),(1456),(1457),(1458),(1459),(1460),(1465),(1466),(1467),(1469),(1472),(1475),(1476),(1477),(1479),(1480),(1484),(1486),(1487),(1490),(1491),(1496),(1497),(1501),(1502),(1506),(1508),(1511),(1513),(1514),(1515),(1517),(1518),(1519),(1520),(1521),(1522),(1524),(1525),(1526),(1528),(1529),(1533),(1534),(1538),(1541),(1543),(1547),(1549),(1550),(1551),(1554),(1555),(1560),(1561),(1562),(1564),(1566),(1568),(1569),(1575),(1577),(1578),(1579),(1580),(1582),(1584),(1589),(1590),(1591),(1594),(1595),(1596),(1599),(1601),(1603),(1606),(1608),(1613),(1615),(1616),(1619),(1623),(1624),(1626),(1628),(1629),(1630),(1633),(1634),(1635),(1636),(1639),(1641),(1642),(1643),(1645),(1647),(1649),(1650),(1653),(1654),(1656),(1658),(1659),(1661),(1662),(1663),(1665),(1674),(1677),(1680),(1682),(1683),(1684),(1686),(1687),(1688),(1691),(1692),(1695),(1698),(1703),(1705),(1706),(1716),(1717),(1718),(1722),(1723),(1724),(1725),(1727),(1731),(1735),(1739),(1740),(1744),(1747),(1748),(1750),(1751),(1752),(1756),(1758),(1759),(1763),(1766),(1767),(1770),(1771),(1772),(1774),(1777),(1779),(1781),(1784),(1785),(1786),(1787),(1788),(1789),(1790),(1792),(1793),(1795),(1799),(1802),(1803),(1805),(1806),(1812),(1813),(1815),(1816),(1817),(1818),(1819),(1822),(1823),(1825),(1826),(1828),(1834),(1837),(1839),(1840),(1841),(1843),(1844),(1851),(1854),(1856),(1859),(1860),(1861),(1863),(1867),(1868),(1869),(1871),(1873),(1874),(1875),(1877),(1878),(1881),(1883),(1885),(1886),(1887),(1889),(1890),(1892),(1899),(1901),(1914),(1915),(1919),(1920),(1924),(1927),(1928),(1930),(1931),(1935),(1936),(1938),(1940),(1945),(1948),(1953),(1954),(1957),(1958),(1960),(1961),(1965),(1968),(1969),(1971),(1975),(1978),(1980),(1982),(1983),(1985),(1986),(1989),(1993),(1995),(1997),(2001),(2002),(2006),(2011),(2015),(2016),(2019),(2020),(2022),(2023),(2026),(2028),(2030),(2031),(2034),(2035),(2036),(2037),(2041),(2042),(2045),(2048),(2049),(2052),(2055),(2056),(2057),(2060),(2061),(2072),(2073),(2074),(2075),(2076),(2078),(2081),(2082),(2085),(2087),(2089),(2091),(2094),(2097),(2099),(2100),(2103),(2105),(2107),(2112),(2113),(2114),(2115),(2118),(2122),(2125),(2130),(2131),(2132),(2133),(2135),(2136),(2139),(2143),(2146),(2148),(2150),(2151),(2152),(2154),(2155),(2156),(2161),(2162),(2164),(2166),(2167),(2168),(2169),(2170),(2173),(2174),(2177),(2181),(2185),(2186),(2187),(2189),(2190),(2192),(2196),(2198),(2202),(2205),(2213),(2214),(2215),(2216),(2217),(2224),(2226),(2232),(2235),(2237),(2238),(2239),(2240),(2242),(2243),(2244),(2245),(2246),(2248),(2250),(2253),(2254),(2256),(2257),(2259),(2260),(2264),(2265),(2270),(2276),(2282),(2284),(2286),(2289),(2290),(2291),(2293),(2296),(2298),(2299),(2300),(2302),(2303),(2304),(2305),(2306),(2312),(2313),(2314),(2318),(2319),(2321),(2322),(2323),(2324),(2325),(2326),(2328),(2329),(2333),(2339),(2341),(2345),(2347),(2348),(2349),(2350),(2353),(2356),(2359),(2364),(2368),(2379),(2383),(2385),(2386),(2387),(2390),(2391),(2392),(2393),(2394),(2396),(2402),(2405),(2406),(2407),(2408),(2409),(2410),(2411),(2413),(2414),(2415),(2416),(2417),(2422),(2428),(2429),(2434),(2437),(2441),(2442),(2443),(2447),(2448),(2454),(2459),(2460),(2461),(2463),(2467),(2469),(2470),(2472),(2474),(2476),(2478),(2482),(2483),(2487),(2491),(2493),(2496),(2498),(2500),(2503),(2505),(2506),(2509),(2511),(2512),(2513),(2515),(2516),(2521),(2525),(2526),(2527),(2528),(2529),(2530),(2532),(2537),(2542),(2544),(2547),(2548),(2549),(2551),(2553),(2554),(2555),(2556),(2557),(2558),(2559),(2561),(2562),(2564),(2565),(2567),(2571),(2572),(2573),(2575),(2578),(2580),(2584),(2585),(2586),(2587),(2588),(2589),(2591),(2594),(2595),(2596),(2597),(2600),(2601),(2602),(2604),(2605),(2606),(2610),(2613),(2615),(2620),(2621),(2628),(2630),(2631),(2632),(2633),(2635),(2637),(2638),(2641),(2643),(2647),(2651),(2655),(2657),(2659),(2660),(2663),(2665),(2668),(2672),(2673),(2676),(2678),(2680),(2686),(2687),(2690),(2691),(2695),(2696),(2700),(2701),(2702),(2703),(2705),(2706),(2708),(2711),(2713),(2716),(2719),(2722),(2725),(2726),(2732),(2735),(2736),(2738),(2740),(2744),(2747),(2751),(2752),(2754),(2755),(2756),(2758),(2763),(2764),(2771),(2774),(2775),(2779),(2781),(2789),(2790),(2792),(2793),(2795),(2797),(2799),(2802),(2803),(2804),(2805),(2806),(2810),(2811),(2813),(2814),(2815),(2816),(2818),(2819),(2820),(2829),(2830),(2831),(2837),(2842),(2843),(2844),(2845),(2846),(2848),(2851),(2852),(2855),(2858),(2859),(2864),(2865),(2866),(2868),(2869),(2871),(2873),(2877),(2879),(2883),(2887),(2891),(2894),(2895),(2898),(2901),(2903),(2904),(2909),(2911),(2914),(2915),(2916),(2917),(2918),(2919),(2921),(2925),(2926),(2927),(2928),(2930),(2933),(2936),(2938),(2939),(2941),(2949),(2950),(2952),(2953),(2955),(2958),(2962),(2964),(2965),(2969),(2970),(2971),(2972),(2974),(2975),(2976),(2981),(2983),(2985),(2986),(2991),(2992),(2994),(2995),(2998),(3000),(3002),(3003),(3004),(3006),(3007),(3008),(3013),(3017),(3019),(3020),(3021),(3023),(3024),(3026),(3029),(3030),(3031),(3033),(3034),(3035),(3039),(3040),(3047),(3048),(3051),(3054),(3057),(3063),(3065),(3066),(3070),(3073),(3076),(3078),(3083),(3086),(3089),(3090),(3091),(3094),(3097),(3099),(3101),(3104),(3107),(3108),(3109),(3118),(3120),(3124),(3126),(3127),(3130),(3133),(3138),(3140),(3141),(3142),(3143),(3145),(3146),(3148),(3153),(3157),(3158),(3159),(3160),(3161),(3162),(3164),(3165),(3167),(3169),(3170),(3173),(3175),(3176),(3177),(3178),(3180),(3181),(3182),(3183),(3192),(3194),(3196),(3197),(3198),(3200),(3201),(3206),(3208),(3209),(3210),(3211),(3212),(3214),(3217),(3220),(3222),(3225),(3226),(3227),(3234),(3235),(3238),(3240),(3241),(3243),(3251),(3254),(3258),(3262),(3263),(3264),(3265),(3269),(3272),(3275),(3282),(3284),(3285),(3287),(3289),(3291),(3292),(3296),(3297),(3298),(3301),(3308),(3309),(3310),(3311),(3313),(3314),(3315),(3316),(3319),(3324),(3326),(3330),(3333),(3335),(3336),(3338),(3340),(3341),(3342),(3344),(3345),(3347),(3348),(3350),(3353),(3354),(3356),(3360),(3361),(3362),(3368),(3370),(3373),(3374),(3377),(3378),(3379),(3380),(3381),(3382),(3388),(3389),(3390),(3395),(3396),(3400),(3402),(3403),(3405),(3406),(3410),(3411),(3415),(3417),(3418),(3420),(3422),(3423),(3426),(3427),(3431),(3433),(3438),(3439),(3440),(3443),(3444),(3447),(3448),(3449),(3450),(3452),(3458),(3459),(3460),(3461),(3463),(3466),(3468),(3471),(3473),(3474),(3475),(3476),(3479),(3482),(3487),(3488),(3492),(3494),(3499),(3502),(3505),(3507),(3510),(3511),(3512),(3514),(3517),(3521),(3527),(3528),(3533),(3535),(3536),(3538),(3541),(3545),(3546),(3547),(3549),(3550),(3553),(3554),(3557),(3558),(3560),(3565),(3566),(3568),(3569),(3570),(3573),(3575),(3578),(3580),(3581),(3582),(3584),(3585),(3588),(3591),(3592),(3593),(3595),(3597),(3598),(3601),(3603),(3604),(3608),(3609),(3610),(3612),(3615),(3618),(3621),(3623),(3624),(3627),(3628),(3630),(3637),(3642),(3645),(3646),(3647),(3648),(3649),(3656),(3659),(3662),(3665),(3666),(3667),(3668),(3675),(3677),(3679),(3683),(3685),(3688),(3689),(3690),(3692),(3693),(3694),(3695),(3696),(3697),(3698),(3699),(3700),(3702),(3704),(3705),(3708),(3710),(3711),(3716),(3718),(3719),(3722),(3723),(3724),(3725),(3726),(3728),(3730),(3733),(3735),(3737),(3740),(3743),(3744),(3749),(3750),(3751),(3752),(3756),(3757),(3759),(3762),(3763),(3764),(3765),(3766),(3770),(3774),(3776),(3777),(3780),(3782),(3783),(3784),(3787),(3790),(3794),(3796),(3799),(3801),(3803),(3807),(3809),(3812),(3813),(3814),(3815),(3818),(3819),(3820),(3821),(3824),(3828),(3831),(3836),(3837),(3839),(3840),(3842),(3843),(3844),(3847),(3848),(3849),(3850),(3851),(3852),(3853),(3856),(3858),(3859),(3860),(3861),(3862),(3863),(3864),(3865),(3867),(3870),(3872),(3873),(3874),(3878),(3879),(3880),(3881),(3882),(3885),(3887),(3893),(3894),(3896),(3898),(3899),(3901),(3902),(3904),(3907),(3908),(3910),(3912),(3914),(3917),(3927),(3929),(3932),(3935),(3939),(3943),(3944),(3945),(3947),(3950),(3951),(3952),(3953),(3955),(3959),(3960),(3961),(3963),(3964),(3966),(3967),(3968),(3969),(3974),(3975),(3978),(3981),(3983),(3985),(3988),(3992),(3993),(3996),(3997),(3998),(4003),(4007),(4008),(4011),(4012),(4014),(4015),(4016),(4017),(4019),(4022),(4025),(4028),(4034),(4043),(4044),(4048),(4052),(4055),(4057),(4058),(4061),(4062),(4064),(4066),(4068),(4071),(4072),(4073),(4074),(4076),(4078),(4080),(4082),(4089),(4094),(4095),(4096),(4099),(4103),(4105),(4107),(4108),(4109),(4113),(4114),(4115),(4120),(4121),(4122),(4126),(4127),(4128),(4132),(4133),(4134),(4139),(4143),(4146),(4148),(4151),(4153),(4154),(4155),(4157),(4158),(4159),(4163),(4164),(4166),(4168),(4171),(4172),(4178),(4180),(4184),(4187),(4188),(4189),(4191),(4194),(4195),(4196),(4197),(4198),(4210),(4213),(4216),(4218),(4220),(4223),(4224),(4230),(4231),(4233),(4234),(4235),(4240),(4242),(4244),(4246),(4250),(4251),(4255),(4256),(4257),(4259),(4260),(4268),(4269),(4274),(4279),(4280),(4281),(4283),(4284),(4285),(4288),(4289),(4292),(4296),(4298),(4299),(4300),(4305),(4309),(4312),(4313),(4314),(4315),(4316),(4318),(4320),(4321),(4323),(4325),(4326),(4327),(4328),(4329),(4330),(4332),(4333),(4339),(4341),(4342),(4343),(4345),(4346),(4347),(4349),(4351),(4352),(4353),(4354),(4355),(4360),(4361),(4362),(4364),(4366),(4367),(4369),(4370),(4371),(4372),(4373),(4374),(4375),(4377),(4381),(4382),(4385),(4389),(4390),(4391),(4393),(4400),(4402),(4404),(4405),(4406),(4407),(4409),(4412),(4414),(4415),(4418),(4419),(4420),(4421),(4422),(4426),(4427),(4429),(4430),(4437),(4442),(4444),(4445),(4447),(4448),(4451),(4456),(4457),(4458),(4461),(4462),(4463),(4466),(4468),(4469),(4472),(4476),(4478),(4481),(4482),(4483),(4484),(4485),(4486),(4489),(4490),(4493),(4495),(4497),(4498),(4499),(4502),(4504),(4506),(4507),(4508),(4509),(4510),(4511),(4512),(4513),(4517),(4520),(4521),(4522),(4523),(4527),(4529),(4530),(4531),(4534),(4535),(4540),(4541),(4543),(4544),(4546),(4550),(4551),(4557),(4560),(4563),(4568),(4569),(4572),(4574),(4576),(4577),(4581),(4583),(4586),(4590),(4592),(4593),(4595),(4596),(4597),(4598),(4599),(4600),(4601),(4602),(4607),(4608),(4611),(4612),(4614),(4615),(4616),(4620),(4621),(4622),(4626),(4627),(4629),(4634),(4635),(4641),(4642),(4647),(4652),(4653),(4655),(4660),(4665),(4667),(4668),(4670),(4671),(4674),(4675),(4677),(4678),(4679),(4680),(4682),(4684),(4685),(4687),(4688),(4692),(4694),(4695),(4698),(4699),(4702),(4711),(4716),(4718),(4720),(4721),(4722),(4724),(4726),(4727),(4731),(4732),(4733),(4737),(4740),(4741),(4745),(4746),(4747),(4749),(4750),(4753),(4754),(4755),(4756),(4757),(4758),(4760),(4761),(4762),(4765),(4766),(4770),(4775),(4781),(4782),(4784),(4785),(4786),(4787),(4788),(4791),(4792),(4793),(4795),(4796),(4797),(4799),(4800),(4803),(4804),(4808),(4811),(4814),(4815),(4816),(4821),(4824),(4825),(4829),(4831),(4833),(4835),(4839),(4841),(4843),(4845),(4846),(4848),(4850),(4853),(4854),(4856),(4857),(4858),(4859),(4860),(4861),(4864),(4871),(4877),(4884),(4885),(4891),(4896),(4899),(4904),(4907),(4908),(4909),(4910),(4911),(4912),(4916),(4919),(4921),(4922),(4928),(4929),(4930),(4933),(4935),(4937),(4938),(4939),(4941),(4943),(4944),(4945),(4946),(4947),(4950),(4952),(4954),(4955),(4956),(4957),(4959),(4961),(4963),(4964),(4966),(4969),(4971),(4974),(4976),(4977),(4980),(4981),(4983),(4984),(4985),(4990),(4992),(4999),(5006),(5010),(5013),(5015),(5016),(5018),(5019),(5021),(5022),(5024),(5026),(5032),(5036),(5037),(5038),(5039),(5040),(5043),(5045),(5047),(5049),(5051),(5054),(5055),(5056),(5057),(5058),(5060),(5069),(5076),(5077),(5080),(5082),(5083),(5090),(5092),(5094),(5095),(5096),(5097),(5099),(5100),(5107),(5108),(5111),(5112),(5113),(5115),(5119),(5120),(5121),(5123),(5124),(5126),(5127),(5132),(5133),(5134),(5136),(5141),(5142),(5148),(5150),(5152),(5154),(5155),(5156),(5158),(5161),(5163),(5168),(5169),(5170),(5171),(5173),(5175),(5176),(5178),(5179),(5181),(5182),(5183),(5186),(5191),(5193),(5194),(5196),(5207),(5209),(5213),(5216),(5217),(5218),(5220),(5225),(5226),(5228),(5232),(5234),(5235),(5237),(5242),(5243),(5244),(5246),(5249),(5253),(5255),(5256),(5258),(5260),(5264),(5269),(5271),(5274),(5278),(5279),(5281),(5283),(5284),(5287),(5290),(5291),(5294),(5296),(5298),(5299),(5300),(5303),(5304),(5310),(5312),(5314),(5315),(5319),(5320),(5323),(5324),(5331),(5334),(5337),(5339),(5340),(5341),(5342),(5344),(5349),(5357),(5361),(5364),(5368),(5369),(5372),(5374),(5379),(5381),(5387),(5390),(5395),(5396),(5398),(5399),(5406),(5410),(5411),(5413),(5415),(5416),(5417),(5418),(5419),(5420),(5421),(5423),(5427),(5429),(5430),(5431),(5433),(5436),(5437),(5439),(5443),(5446),(5449),(5452),(5455),(5456),(5459),(5460),(5467),(5468),(5471),(5472),(5474),(5478),(5480),(5483),(5486),(5487),(5489),(5492),(5494),(5498),(5504),(5509),(5510),(5514),(5517),(5521),(5523),(5528),(5530),(5532),(5533),(5534),(5538),(5541),(5542),(5543),(5546),(5547),(5548),(5550),(5554),(5556),(5557),(5558),(5559),(5560),(5561),(5562),(5563),(5568),(5569),(5571),(5573),(5574),(5576),(5577),(5580),(5581),(5582),(5586),(5587),(5589),(5590),(5591),(5592),(5594),(5596),(5599),(5600),(5602),(5604),(5608),(5612),(5615),(5616),(5619),(5620),(5623),(5624),(5625),(5627),(5629),(5636),(5638),(5639),(5641),(5642),(5643),(5648),(5649),(5655),(5656),(5658),(5662),(5668),(5674),(5677),(5678),(5686),(5687),(5689),(5691),(5693),(5698),(5699),(5703),(5709),(5712),(5715),(5716),(5717),(5722),(5723),(5730),(5732),(5733),(5737),(5740),(5747),(5751),(5753),(5754),(5755),(5756),(5757),(5759),(5761),(5762),(5763),(5765),(5766),(5767),(5769),(5770),(5772),(5774),(5780),(5781),(5789),(5790),(5791),(5793),(5794),(5799),(5800),(5801),(5806),(5807),(5809),(5810),(5815),(5821),(5823),(5825),(5827),(5829),(5830),(5833),(5835),(5837),(5839),(5840),(5841),(5842),(5846),(5848),(5849),(5850),(5853),(5855),(5856),(5857),(5864),(5867),(5872),(5873),(5874),(5876),(5877),(5879),(5881),(5886),(5887),(5889),(5893),(5894),(5895),(5896),(5900),(5906),(5907),(5909),(5913),(5914),(5917),(5918),(5920),(5923),(5925),(5926),(5928),(5929),(5932),(5936),(5937),(5941),(5942),(5943),(5945),(5953),(5955),(5960),(5961),(5963),(5966),(5968),(5972),(5980),(5982),(5983),(5988),(5993),(5995),(5998),(5999),(6000),(6001),(6002),(6004),(6005),(6010),(6011),(6012),(6014),(6015),(6016),(6020),(6021),(6024),(6025),(6026),(6027),(6032),(6035),(6036),(6039),(6040),(6041),(6043),(6044),(6045),(6046),(6049),(6050),(6051),(6054),(6056),(6057),(6061),(6063),(6067),(6068),(6070),(6072),(6073),(6076),(6077),(6079),(6080),(6082),(6088),(6091),(6093),(6102),(6106),(6110),(6114),(6116),(6119),(6122),(6126),(6127),(6135),(6137),(6138),(6142),(6147),(6148),(6152),(6155),(6156),(6157),(6158),(6161),(6162),(6163),(6164),(6165),(6166),(6168),(6172),(6174),(6176),(6179),(6180),(6182),(6183),(6185),(6187),(6188),(6191),(6192),(6196),(6197),(6198),(6200),(6202),(6210),(6213),(6215),(6216),(6220),(6223),(6224),(6226),(6229),(6234),(6236),(6237),(6238),(6239),(6240),(6241),(6243),(6248),(6249),(6250),(6252),(6253),(6257),(6258),(6260),(6264),(6265),(6266),(6269),(6270),(6273),(6276),(6277),(6279),(6281),(6284),(6287),(6288),(6290),(6294),(6296),(6297),(6298),(6300),(6303),(6304),(6305),(6306),(6308),(6309),(6311),(6312),(6314),(6319),(6320),(6323),(6324),(6326),(6328),(6334),(6338),(6341),(6343),(6345),(6346),(6349),(6350),(6351),(6354),(6359),(6363),(6365),(6366),(6369),(6371),(6373),(6374),(6377),(6378),(6383),(6384),(6386),(6387),(6391),(6395),(6397),(6398),(6402),(6405),(6406),(6408),(6409),(6413),(6414),(6415),(6416),(6420),(6424),(6426),(6428),(6430),(6431),(6432),(6433),(6436),(6439),(6440),(6441),(6442),(6443),(6444),(6446),(6449),(6450),(6451),(6454),(6456),(6457),(6460),(6463),(6466),(6467),(6468),(6470),(6472),(6473),(6475),(6476),(6478),(6483),(6485),(6488),(6490),(6494),(6495),(6497),(6498),(6500),(6504),(6505),(6506),(6507),(6510),(6513),(6515),(6517),(6518),(6519),(6523),(6524),(6525),(6528),(6529),(6530),(6532),(6533),(6534),(6535),(6536),(6539),(6541),(6543),(6544),(6545),(6546),(6547),(6549),(6555),(6557),(6558),(6559),(6560),(6563),(6564),(6565),(6566),(6567),(6569),(6574),(6575),(6576),(6577),(6581),(6585),(6589),(6596),(6598),(6599),(6600),(6602),(6603),(6604),(6610),(6612),(6614),(6616),(6618),(6621),(6622),(6624),(6626),(6627),(6629),(6632),(6633),(6635),(6636),(6640),(6645),(6646),(6648),(6649),(6654),(6655),(6657),(6658),(6659),(6661),(6662),(6663),(6665),(6666),(6667),(6670),(6671),(6676),(6678),(6679),(6682),(6684),(6685),(6689),(6690),(6691),(6697),(6700),(6701),(6702),(6704),(6705),(6706),(6708),(6711),(6712),(6714),(6715),(6716),(6717),(6718),(6719),(6725),(6726),(6727),(6729),(6731),(6733),(6734),(6737),(6740),(6747),(6748),(6751),(6752),(6754),(6756),(6757),(6758),(6762),(6764),(6767),(6769),(6772),(6773),(6775),(6779),(6780),(6782),(6783),(6785),(6786),(6788),(6792),(6795),(6796),(6797),(6798),(6801),(6802),(6806),(6807),(6808),(6811),(6814),(6818),(6820),(6825),(6826),(6828),(6829),(6830),(6832),(6833),(6835),(6837),(6838),(6839),(6840),(6843),(6845),(6847),(6849),(6850),(6851),(6852),(6855),(6856),(6857),(6860),(6862),(6866),(6867),(6868),(6869),(6876),(6879),(6882),(6884),(6885),(6888),(6890),(6891),(6892),(6897),(6898),(6900),(6904),(6906),(6907),(6909),(6910),(6915),(6927),(6929),(6932),(6933),(6935),(6936),(6938),(6939),(6940),(6942),(6943),(6944),(6945),(6946),(6947),(6949),(6957),(6959),(6962),(6970),(6971),(6974),(6975),(6977),(6978),(6980),(6981),(6983),(6984),(6988),(6989),(6990),(6994),(6995),(6996),(6997),(7000),(7002),(7004),(7005),(7010),(7011),(7012),(7013),(7015),(7016),(7017),(7019),(7023),(7025),(7027),(7029),(7032),(7034),(7036),(7037),(7038),(7040),(7041),(7044),(7045),(7047),(7050),(7055),(7056),(7057),(7058),(7064),(7065),(7067),(7068),(7073),(7076),(7079),(7083),(7085),(7087),(7088),(7090),(7093),(7095),(7096),(7099),(7100),(7101),(7102),(7105),(7108),(7111),(7113),(7114),(7115),(7116),(7117),(7120),(7121),(7122),(7123),(7126),(7127),(7129),(7130),(7134),(7135),(7141),(7144),(7149),(7151),(7154),(7156),(7157),(7158),(7163),(7166),(7170),(7173),(7174),(7180),(7181),(7182),(7185),(7186),(7187),(7188),(7189),(7191),(7192),(7193),(7194),(7197),(7201),(7203),(7204),(7206),(7209),(7210),(7213),(7218),(7219),(7220),(7226),(7229),(7233),(7236),(7237),(7240),(7242),(7243),(7245),(7247),(7248),(7251),(7254),(7258),(7261),(7262),(7263),(7265),(7266),(7271),(7272),(7274),(7277),(7279),(7280),(7281),(7283),(7284),(7286),(7288),(7289),(7290),(7292),(7295),(7296),(7299),(7300),(7306),(7307),(7311),(7312),(7313),(7317),(7320),(7322),(7324),(7326),(7329),(7331),(7332),(7333),(7334),(7335),(7336),(7338),(7341),(7342),(7343),(7344),(7346),(7348),(7350),(7351),(7352),(7354),(7355),(7357),(7358),(7363),(7369),(7371),(7374),(7376),(7385),(7386),(7390),(7391),(7394),(7395),(7396),(7398),(7399),(7401),(7404),(7407),(7408),(7413),(7415),(7417),(7418),(7420),(7421),(7423),(7429),(7430),(7431),(7433),(7435),(7436),(7439),(7440),(7444),(7446),(7449),(7451),(7453),(7454),(7458),(7459),(7462),(7463),(7466),(7468),(7474),(7476),(7481),(7484),(7486),(7487),(7488),(7491),(7494),(7497),(7502),(7504),(7505),(7506),(7507),(7508),(7509),(7513),(7514),(7521),(7524),(7526),(7527),(7528),(7529),(7530),(7532),(7533),(7537),(7540),(7542),(7549),(7551),(7553),(7556),(7559),(7561),(7562),(7566),(7567),(7568),(7569),(7571),(7572),(7575),(7577),(7579),(7581),(7582),(7588),(7589),(7590),(7591),(7594),(7596),(7597),(7598),(7600),(7602),(7603),(7605),(7608),(7612),(7614),(7618),(7620),(7624),(7627),(7628),(7630),(7632),(7633),(7637),(7638),(7639),(7641),(7642),(7643),(7646),(7650),(7651),(7652),(7655),(7658),(7660),(7661),(7664),(7666),(7667),(7668),(7669),(7674),(7675),(7676),(7679),(7681),(7682),(7683),(7688),(7690),(7691),(7694),(7698),(7703),(7707),(7710),(7711),(7715),(7717),(7718),(7719),(7721),(7722),(7723),(7726),(7732),(7733),(7734),(7735),(7736),(7739),(7740),(7741),(7744),(7745),(7752),(7753),(7754),(7755),(7757),(7763),(7765),(7766),(7771),(7776),(7782),(7784),(7786),(7788),(7793),(7799),(7800),(7803),(7804),(7807),(7808),(7810),(7813),(7814),(7819),(7821),(7823),(7824),(7826),(7827),(7830),(7831),(7834),(7835),(7836),(7839),(7841),(7842),(7844),(7845),(7848),(7850),(7855),(7863),(7866),(7872),(7873),(7875),(7876),(7877),(7878),(7879),(7881),(7883),(7888),(7890),(7891),(7893),(7895),(7898),(7900),(7908),(7909),(7913),(7914),(7917),(7923),(7924),(7926),(7930),(7931),(7934),(7938),(7939),(7940),(7944),(7946),(7949),(7951),(7952),(7953),(7955),(7956),(7959),(7962),(7965),(7967),(7970),(7971),(7975),(7977),(7978),(7979),(7980),(7986),(7987),(7991),(7992),(7993),(7994),(7995),(7996),(7997),(7999),(8000),(8003),(8006),(8008),(8009),(8011),(8012),(8013),(8016),(8018),(8022),(8026),(8031),(8033),(8034),(8035),(8039),(8040),(8041),(8042),(8046),(8049),(8051),(8052),(8053),(8054),(8055),(8056),(8058),(8062),(8063),(8066),(8067),(8069),(8071),(8073),(8075),(8079),(8081),(8084),(8086),(8087),(8093),(8098),(8099),(8102),(8103),(8104),(8106),(8108),(8109),(8110),(8111),(8112),(8115),(8118),(8120),(8121),(8122),(8123),(8124),(8125),(8126),(8128),(8129),(8130),(8132),(8133),(8134),(8136),(8137),(8141),(8143),(8145),(8146),(8147),(8150),(8152),(8154),(8155),(8157),(8159),(8162),(8164),(8166),(8168),(8172),(8173),(8174),(8175),(8176),(8178),(8181),(8183),(8184),(8187),(8189),(8190),(8195),(8196),(8198),(8201),(8203),(8204),(8205),(8206),(8210),(8214),(8215),(8217),(8218),(8219),(8222),(8223),(8224),(8226),(8229),(8234),(8235),(8236),(8238),(8241),(8243),(8246),(8249),(8250),(8251),(8252),(8255),(8256),(8257),(8258),(8260),(8262),(8264),(8266),(8270),(8277),(8278),(8279),(8283),(8284),(8286),(8287),(8288),(8290),(8291),(8293),(8295),(8298),(8300),(8301),(8302),(8303),(8304),(8305),(8306),(8308),(8313),(8314),(8316),(8317),(8323),(8324),(8326),(8329),(8330),(8331),(8332),(8334),(8336),(8338),(8339),(8340),(8341),(8343),(8345),(8346),(8347),(8349),(8353),(8356),(8357),(8359),(8360),(8361),(8366),(8368),(8370),(8371),(8372),(8375),(8378),(8380),(8381),(8385),(8386),(8387),(8388),(8394),(8398),(8401),(8402),(8404),(8409),(8411),(8412),(8419),(8423),(8424),(8431),(8433),(8435),(8440),(8441),(8442),(8443),(8445),(8447),(8449),(8450),(8452),(8456),(8460),(8462),(8466),(8472),(8474),(8478),(8479),(8480),(8483),(8485),(8486),(8491),(8494),(8496),(8504),(8506),(8508),(8509),(8510),(8512),(8515),(8517),(8519),(8520),(8521),(8522),(8525),(8526),(8527),(8528),(8531),(8534),(8535),(8536),(8537),(8539),(8540),(8541),(8546),(8550),(8552),(8553),(8556),(8557),(8558),(8560),(8562),(8564),(8566),(8574),(8575),(8576),(8577),(8581),(8582),(8585),(8586),(8587),(8590),(8591),(8595),(8596),(8598),(8599),(8606),(8607),(8608),(8614),(8616),(8617),(8618),(8621),(8622),(8624),(8627),(8632),(8633),(8634),(8636),(8637),(8640),(8641),(8643),(8645),(8646),(8648),(8650),(8651),(8653),(8655),(8657),(8658),(8659),(8662),(8666),(8668),(8670),(8672),(8673),(8675),(8678),(8680),(8681),(8683),(8687),(8688),(8689),(8694),(8695),(8699),(8701),(8702),(8704),(8705),(8708),(8710),(8712),(8713),(8716),(8722),(8725),(8726),(8735),(8737),(8738),(8740),(8743),(8744),(8745),(8746),(8747),(8748),(8750),(8751),(8754),(8756),(8757),(8758),(8759),(8763),(8766),(8769),(8771),(8774),(8775),(8777),(8778),(8779),(8783),(8786),(8787),(8788),(8790),(8791),(8792),(8793),(8801),(8803),(8804),(8805),(8807),(8809),(8812),(8816),(8820),(8821),(8822),(8824),(8827),(8828),(8829),(8831),(8834),(8835),(8842),(8847),(8848),(8850),(8851),(8853),(8856),(8857),(8858),(8864),(8869),(8873),(8876),(8877),(8878),(8879),(8880),(8882),(8883),(8885),(8886),(8889),(8890),(8891),(8895),(8897),(8898),(8901),(8902),(8903),(8904),(8906),(8907),(8911),(8914),(8917),(8919),(8924),(8925),(8927),(8929),(8930),(8933),(8937),(8942),(8943),(8944),(8949),(8950),(8951),(8952),(8953),(8958),(8961),(8962),(8966),(8968),(8969),(8972),(8974),(8977),(8978),(8979),(8980),(8981),(8982),(8984),(8988),(8989),(8991),(8994),(8995),(8997),(9001),(9002),(9003),(9004),(9007),(9013),(9015),(9022),(9024),(9028),(9029),(9030),(9031),(9032),(9033),(9034),(9040),(9041),(9043),(9044),(9047),(9049),(9050),(9051),(9055),(9056),(9057),(9059),(9061),(9064),(9066),(9068),(9074),(9077),(9078),(9079),(9080),(9085),(9092),(9093),(9095),(9096),(9098),(9099),(9103),(9104),(9105),(9106),(9107),(9116),(9117),(9119),(9121),(9122),(9123),(9124),(9125),(9126),(9127),(9129),(9130),(9134),(9136),(9139),(9141),(9143),(9145),(9146),(9147),(9148),(9149),(9150),(9152),(9153),(9159),(9161),(9165),(9167),(9168),(9170),(9171),(9174),(9175),(9177),(9178),(9181),(9182),(9191),(9192),(9193),(9197),(9200),(9201),(9203),(9217),(9222),(9224),(9225),(9226),(9228),(9229),(9230),(9233),(9235),(9237),(9242),(9243),(9245),(9247),(9249),(9251),(9253),(9254),(9255),(9258),(9259),(9261),(9262),(9264),(9267),(9268),(9269),(9271),(9273),(9274),(9276),(9277),(9281),(9282),(9283),(9285),(9287),(9288),(9289),(9290),(9292),(9294),(9295),(9297),(9298),(9299),(9300),(9302),(9308),(9309),(9311),(9314),(9317),(9320),(9322),(9323),(9325),(9328),(9332),(9333),(9334),(9335),(9341),(9343),(9345),(9346),(9348),(9351),(9354),(9355),(9357),(9359),(9360),(9362),(9363),(9365),(9366),(9371),(9373),(9374),(9375),(9376),(9378),(9380),(9381),(9383),(9387),(9388),(9389),(9391),(9393),(9394),(9400),(9402),(9403),(9404),(9405),(9412),(9413),(9415),(9419),(9421),(9424),(9425),(9427),(9429),(9430),(9432),(9435),(9441),(9442),(9443),(9444),(9446),(9447),(9448),(9450),(9457),(9458),(9460),(9461),(9463),(9464),(9469),(9470),(9474),(9482),(9485),(9487),(9489),(9490),(9493),(9494),(9498),(9500),(9502),(9503),(9506),(9508),(9511),(9513),(9515),(9517),(9520),(9522),(9523),(9524),(9525),(9530),(9532),(9535),(9537),(9542),(9543),(9545),(9549),(9550),(9552),(9553),(9555),(9556),(9561),(9571),(9572),(9573),(9576),(9577),(9578),(9581),(9584),(9588),(9592),(9596),(9597),(9598),(9599),(9600),(9601),(9609),(9612),(9613),(9614),(9616),(9617),(9620),(9621),(9627),(9629),(9630),(9631),(9632),(9633),(9634),(9636),(9643),(9645),(9648),(9649),(9650),(9651),(9655),(9656),(9662),(9664),(9665),(9666),(9667),(9669),(9671),(9672),(9674),(9679),(9680),(9681),(9682),(9684),(9685),(9687),(9690),(9692),(9693),(9696),(9697),(9698),(9699),(9701),(9709),(9712),(9713),(9717),(9718),(9723),(9725),(9726),(9731),(9735),(9738),(9741),(9745),(9753),(9754),(9755),(9757),(9758),(9760),(9761),(9764),(9766),(9769),(9774),(9776),(9778),(9780),(9782),(9784),(9785),(9787),(9792),(9794),(9796),(9797),(9799),(9802),(9803),(9804),(9805),(9809),(9810),(9813),(9815),(9816),(9817),(9819),(9821),(9826),(9827),(9830),(9832),(9834),(9836),(9838),(9840),(9841),(9844),(9845),(9846),(9847),(9850),(9852),(9854),(9856),(9858),(9861),(9862),(9864),(9868),(9870),(9871),(9872),(9874),(9877),(9881),(9884),(9886),(9887),(9888),(9892),(9896),(9897),(9898),(9899),(9901),(9903),(9905),(9907),(9908),(9913),(9914),(9915),(9917),(9924),(9925),(9930),(9938),(9943),(9945),(9948),(9950),(9951),(9952),(9953),(9955),(9960),(9962),(9963),(9964),(9968),(9970),(9971),(9975),(9976),(9977),(9978),(9979),(9980),(9981),(9982),(9983),(9984),(9985),(9986),(9987),(9988),(9989),(9991),(9992),(9996),(9997),(9998);
/*!40000 ALTER TABLE `camas` ENABLE KEYS */;
UNLOCK TABLES;

--
-- Table structure for table `camas_hospital`
--

DROP TABLE IF EXISTS `camas_hospital`;
/*!40101 SET @saved_cs_client     = @@character_set_client */;
/*!50503 SET character_set_client = utf8mb4 */;
CREATE TABLE `camas_hospital` (
  `Camas_NroCama` int unsigned NOT NULL,
  `Hospital_NroHospital` int unsigned NOT NULL,
  KEY `fk_Camas_Hospital_Camas1_idx` (`Camas_NroCama`),
  KEY `fk_Camas_Hospital_Hospital1_idx` (`Hospital_NroHospital`),
  CONSTRAINT `fk_Camas_Hospital_Camas1` FOREIGN KEY (`Camas_NroCama`) REFERENCES `camas` (`NroCama`),
  CONSTRAINT `fk_Camas_Hospital_Hospital1` FOREIGN KEY (`Hospital_NroHospital`) REFERENCES `hospital` (`NroHospital`)
) ENGINE=InnoDB DEFAULT CHARSET=utf8;
/*!40101 SET character_set_client = @saved_cs_client */;

--
-- Dumping data for table `camas_hospital`
--

LOCK TABLES `camas_hospital` WRITE;
/*!40000 ALTER TABLE `camas_hospital` DISABLE KEYS */;
INSERT INTO `camas_hospital` VALUES (1,27),(3,67),(5,71),(6,50),(7,97),(8,65),(12,67),(13,27),(14,17),(15,71),(19,65),(22,67),(23,67),(25,50),(26,65),(27,17),(28,17),(32,50),(33,22),(36,97),(37,17),(38,65),(39,71),(41,97),(42,27),(44,22),(47,67),(51,2),(53,27),(54,2),(60,50),(62,71),(63,67),(65,27),(68,22),(69,67),(75,97),(80,2),(85,17),(91,17),(94,71),(95,67),(96,71),(97,65),(98,22),(99,50),(100,67),(102,27),(105,97),(106,2),(109,27),(110,17),(111,65),(112,17),(113,17),(115,2),(116,27),(117,71),(119,17),(120,71),(124,71),(128,67),(129,67),(132,65),(134,2),(135,97),(139,27),(144,2),(145,2),(148,50),(149,17),(150,71),(159,17),(161,2),(162,50),(163,27),(168,50),(169,17),(172,71),(174,27),(186,22),(187,17),(188,65),(193,71),(194,27),(196,67),(197,97),(201,67),(203,50),(205,2),(207,65),(208,27),(209,71),(211,22),(213,2),(216,71),(218,22),(219,27),(220,71),(221,22),(222,71),(223,2),(226,17),(229,2),(230,2),(231,65),(236,50),(237,50),(241,71),(242,22),(243,97),(245,2),(247,50),(248,50),(252,97),(255,71),(259,17),(260,97),(266,50),(269,67),(270,2),(272,17),(274,17),(275,71),(277,27),(278,17),(281,65),(287,65),(288,50),(289,50),(290,97),(291,27),(299,50),(304,2),(309,50),(310,50),(311,67),(314,97),(316,2),(318,65),(319,17),(320,2),(321,67),(325,65),(326,50),(327,65),(328,50),(329,67),(333,50),(335,2),(336,50),(341,65),(346,17),(350,65),(351,27),(352,50),(354,67),(355,97),(358,17),(359,22),(360,50),(363,2),(365,67),(366,97),(369,17),(370,17),(372,50),(373,97),(376,2),(384,65),(385,50),(387,22),(388,65),(390,17),(391,97),(392,2),(393,71),(401,27),(402,71),(403,27),(408,27),(409,22),(411,97),(414,50),(416,71),(419,22),(423,2),(426,65),(430,22),(437,22),(442,97),(443,67),(446,22),(448,67),(452,67),(453,50),(457,71),(460,22),(461,27),(463,97),(465,71),(469,97),(472,22),(475,27),(476,2),(477,17),(479,50),(480,97),(482,65),(483,27),(485,22),(486,2),(489,65),(491,22),(493,65),(495,50),(497,65),(498,67),(502,17),(503,71),(509,97),(510,17),(511,65),(517,22),(518,71),(524,27),(525,67),(526,65),(529,65),(530,2),(532,65),(535,50),(537,97),(538,71),(543,71),(546,2),(548,2),(549,27),(552,2),(553,67),(555,71),(556,22),(560,67),(562,27),(564,65),(565,27),(567,97),(568,17),(570,2),(571,17),(572,97),(573,97),(579,22),(580,65),(581,17),(588,2),(590,97),(591,97),(593,67),(595,65),(596,2),(597,22),(602,2),(603,97),(607,2),(608,97),(613,2),(617,17),(619,22),(620,2),(621,71),(622,17),(623,27),(624,50),(627,65),(628,97),(629,71),(633,50),(635,2),(636,71),(637,65),(639,2),(640,71),(644,71),(645,65),(646,2),(648,97),(654,65),(655,97),(656,65),(659,17),(663,97),(664,71),(671,17),(672,97),(673,97),(674,2),(675,97),(679,2),(683,27),(685,2),(687,71),(688,50),(689,50),(690,27),(691,2),(695,27),(696,22),(698,65),(701,50),(708,17),(712,22),(714,65),(715,2),(717,2),(718,22),(719,2),(726,97),(729,71),(732,97),(734,65),(737,2),(738,71),(741,27),(742,22),(743,67),(744,22),(745,22),(746,67),(747,27),(749,67),(750,71),(751,22),(752,22),(754,22),(755,67),(758,27),(762,67),(763,2),(766,2),(768,17),(774,17),(776,22),(777,67),(780,17),(782,27),(783,2),(787,17),(788,27),(791,71),(793,17),(794,97),(795,97),(796,97),(798,22),(800,17),(801,67),(802,65),(804,50),(805,50),(806,2),(807,17),(811,22),(812,22),(813,50),(814,50),(817,2),(818,71),(823,17),(825,2),(826,71),(831,27),(834,22),(837,17),(838,17),(842,27),(843,50),(844,17),(845,65),(846,71),(847,2),(848,67),(849,67),(851,97),(858,67),(859,97),(860,2),(861,27),(863,65),(865,50),(867,71),(872,65),(873,67),(876,17),(877,97),(878,22),(884,65),(886,97),(887,17),(888,71),(897,2),(901,97),(904,17),(908,22),(911,17),(913,27),(914,67),(915,65),(916,50),(918,22),(919,27),(921,65),(922,2),(923,2),(926,50),(927,71),(928,2),(933,65),(935,17),(937,67),(938,17),(939,2),(942,22),(947,97),(953,22),(956,22),(960,17),(961,97),(964,22),(967,22),(968,67),(969,22),(970,22),(974,97),(975,65),(977,27),(979,22),(980,22),(985,97),(990,71),(997,65),(1000,27),(1001,27),(1004,67),(1011,50),(1012,97),(1013,50),(1017,50),(1019,65),(1021,67),(1025,22),(1030,67),(1031,71),(1032,50),(1035,67),(1036,2),(1038,71),(1039,71),(1040,97),(1041,2),(1042,2),(1044,67),(1045,27),(1046,22),(1049,65),(1051,97),(1056,67),(1058,97),(1060,22),(1061,65),(1062,71),(1064,71),(1065,2),(1066,22),(1069,65),(1070,50),(1071,17),(1072,2),(1082,2),(1085,71),(1087,67),(1090,22),(1091,65),(1093,50),(1095,71),(1098,22),(1099,65),(1101,65),(1102,2),(1103,50),(1108,67),(1111,17),(1113,17),(1114,17),(1117,50),(1120,71),(1121,2),(1124,17),(1126,67),(1128,27),(1129,71),(1130,50),(1133,22),(1136,71),(1137,67),(1138,71),(1142,22),(1143,97),(1146,71),(1148,27),(1151,67),(1152,50),(1153,65),(1154,27),(1156,2),(1159,50),(1161,65),(1165,65),(1170,2),(1173,67),(1181,17),(1184,71),(1185,71),(1188,22),(1189,97),(1192,22),(1193,2),(1194,2),(1196,50),(1197,67),(1199,27),(1200,22),(1203,22),(1207,65),(1208,2),(1213,97),(1215,27),(1219,27),(1220,97),(1223,22),(1226,67),(1230,67),(1232,71),(1236,27),(1243,2),(1245,71),(1248,71),(1250,67),(1251,50),(1253,71),(1254,27),(1255,65),(1259,67),(1264,22),(1265,71),(1266,65),(1267,65),(1270,97),(1271,67),(1273,2),(1274,67),(1275,2),(1284,22),(1287,97),(1294,67),(1296,27),(1297,97),(1299,17),(1300,67),(1301,97),(1303,27),(1305,50),(1307,65),(1308,22),(1313,71),(1315,67),(1317,17),(1321,65),(1322,27),(1323,65),(1329,50),(1330,67),(1331,22),(1332,17),(1334,2),(1337,17),(1340,71),(1343,65),(1347,2),(1357,50),(1358,65),(1359,67),(1360,50),(1361,97),(1362,67),(1363,22),(1365,22),(1367,67),(1368,27),(1372,2),(1376,65),(1378,71),(1380,50),(1381,17),(1387,2),(1393,27),(1395,97),(1398,17),(1399,97),(1402,22),(1404,71),(1405,27),(1408,2),(1409,2),(1410,65),(1412,2),(1415,17),(1416,27),(1417,65),(1418,22),(1419,97),(1422,22),(1423,2),(1424,27),(1425,17),(1426,67),(1428,67),(1430,50),(1431,50),(1435,2),(1437,65),(1439,2),(1440,71),(1441,17),(1442,22),(1446,97),(1449,50),(1450,17),(1451,2),(1456,50),(1457,27),(1458,71),(1459,97),(1460,50),(1465,97),(1466,50),(1467,50),(1469,2),(1472,97),(1475,17),(1476,22),(1477,71),(1479,27),(1480,22),(1484,22),(1486,65),(1487,2),(1490,97),(1491,2),(1496,50),(1497,97),(1501,67),(1502,50),(1506,71),(1508,71),(1511,71),(1513,67),(1514,27),(1515,97),(1517,71),(1518,71),(1519,27),(1520,67),(1521,67),(1522,71),(1524,65),(1525,22),(1526,27),(1528,65),(1529,17),(1533,50),(1534,97),(1538,97),(1541,71),(1543,17),(1547,17),(1549,27),(1550,17),(1551,2),(1554,50),(1555,67),(1560,2),(1561,22),(1562,17),(1564,97),(1566,17),(1568,2),(1569,65),(1575,50),(1577,2),(1578,50),(1579,27),(1580,27),(1582,17),(1584,17),(1589,22),(1590,67),(1591,27),(1594,67),(1595,27),(1596,50),(1599,17),(1601,22),(1603,27),(1606,2),(1608,50),(1613,65),(1615,50),(1616,67),(1619,65),(1623,2),(1624,27),(1626,67),(1628,22),(1629,65),(1630,65),(1633,27),(1634,65),(1635,22),(1636,97),(1639,65),(1641,67),(1642,27),(1643,2),(1645,97),(1647,50),(1649,22),(1650,65),(1653,71),(1654,97),(1656,2),(1658,27),(1659,17),(1661,27),(1662,71),(1663,17),(1665,71),(1674,27),(1677,65),(1680,50),(1682,2),(1683,65),(1684,71),(1686,67),(1687,97),(1688,27),(1691,22),(1692,22),(1695,2),(1698,50),(1703,22),(1705,65),(1706,22),(1716,65),(1717,65),(1718,17),(1722,17),(1723,97),(1724,67),(1725,2),(1727,97),(1731,71),(1735,27),(1739,2),(1740,17),(1744,17),(1747,17),(1748,97),(1750,65),(1751,71),(1752,50),(1756,65),(1758,27),(1759,22),(1763,27),(1766,27),(1767,67),(1770,65),(1771,65),(1772,67),(1774,17),(1777,97),(1779,22),(1781,27),(1784,65),(1785,97),(1786,50),(1787,67),(1788,71),(1789,22),(1790,71),(1792,67),(1793,2),(1795,17),(1799,71),(1802,17),(1803,27),(1805,2),(1806,17),(1812,2),(1813,71),(1815,65),(1816,65),(1817,22),(1818,97),(1819,2),(1822,65),(1823,65),(1825,65),(1826,22),(1828,27),(1834,71),(1837,22),(1839,67),(1840,17),(1841,71),(1843,65),(1844,67),(1851,65),(1854,50),(1856,97),(1859,27),(1860,22),(1861,2),(1863,65),(1867,17),(1868,17),(1869,2),(1871,17),(1873,27),(1874,2),(1875,2),(1877,2),(1878,67),(1881,22),(1883,97),(1885,67),(1886,97),(1887,65),(1889,27),(1890,17),(1892,2),(1899,17),(1901,50),(1914,67),(1915,27),(1919,22),(1920,27),(1924,2),(1927,97),(1928,97),(1930,97),(1931,27),(1935,17),(1936,97),(1938,97),(1940,22),(1945,17),(1948,2),(1953,50),(1954,65),(1957,2),(1958,50),(1960,65),(1961,71),(1965,71),(1968,65),(1969,65),(1971,67),(1975,17),(1978,97),(1980,97),(1982,17),(1983,17),(1985,27),(1986,97),(1989,65),(1993,67),(1995,27),(1997,65),(2001,65),(2002,22),(2006,65),(2011,97),(2015,50),(2016,65),(2019,97),(2020,71),(2022,71),(2023,97),(2026,22),(2028,27),(2030,97),(2031,71),(2034,97),(2035,71),(2036,65),(2037,65),(2041,27),(2042,27),(2045,67),(2048,27),(2049,22),(2052,97),(2055,50),(2056,67),(2057,97),(2060,2),(2061,27),(2072,22),(2073,67),(2074,97),(2075,50),(2076,22),(2078,97),(2081,2),(2082,71),(2085,71),(2087,71),(2089,65),(2091,67),(2094,17),(2097,2),(2099,67),(2100,97),(2103,2),(2105,50),(2107,50),(2112,65),(2113,97),(2114,97),(2115,27),(2118,22),(2122,17),(2125,27),(2130,71),(2131,71),(2132,22),(2133,97),(2135,22),(2136,65),(2139,65),(2143,22),(2146,17),(2148,97),(2150,17),(2151,17),(2152,71),(2154,97),(2155,97),(2156,50),(2161,67),(2162,2),(2164,50),(2166,27),(2167,2),(2168,50),(2169,97),(2170,50),(2173,17),(2174,71),(2177,27),(2181,50),(2185,17),(2186,65),(2187,71),(2189,97),(2190,50),(2192,17),(2196,71),(2198,67),(2202,67),(2205,50),(2213,2),(2214,71),(2215,50),(2216,17),(2217,2),(2224,22),(2226,17),(2232,2),(2235,67),(2237,71),(2238,17),(2239,22),(2240,22),(2242,17),(2243,71),(2244,17),(2245,67),(2246,97),(2248,2),(2250,2),(2253,50),(2254,17),(2256,67),(2257,27),(2259,2),(2260,22),(2264,50),(2265,97),(2270,2),(2276,22),(2282,50),(2284,2),(2286,17),(2289,97),(2290,17),(2291,22),(2293,22),(2296,27),(2298,22),(2299,97),(2300,22),(2302,27),(2303,22),(2304,50),(2305,50),(2306,17),(2312,67),(2313,17),(2314,17),(2318,71),(2319,22),(2321,65),(2322,97),(2323,2),(2324,2),(2325,2),(2326,22),(2328,65),(2329,2),(2333,22),(2339,71),(2341,50),(2345,22),(2347,2),(2348,50),(2349,50),(2350,22),(2353,67),(2356,71),(2359,65),(2364,67),(2368,17),(2379,97),(2383,2),(2385,67),(2386,50),(2387,17),(2390,50),(2391,67),(2392,22),(2393,22),(2394,97),(2396,97),(2402,22),(2405,97),(2406,97),(2407,22),(2408,17),(2409,50),(2410,27),(2411,50),(2413,27),(2414,97),(2415,67),(2416,27),(2417,50),(2422,22),(2428,67),(2429,17),(2434,17),(2437,22),(2441,97),(2442,22),(2443,22),(2447,97),(2448,97),(2454,71),(2459,2),(2460,27),(2461,50),(2463,27),(2467,67),(2469,27),(2470,22),(2472,97),(2474,27),(2476,17),(2478,22),(2482,65),(2483,65),(2487,65),(2491,2),(2493,2),(2496,65),(2498,71),(2500,50),(2503,2),(2505,2),(2506,17),(2509,22),(2511,17),(2512,50),(2513,17),(2515,27),(2516,71),(2521,2),(2525,27),(2526,65),(2527,17),(2528,71),(2529,2),(2530,50),(2532,50),(2537,50),(2542,67),(2544,27),(2547,97),(2548,71),(2549,65),(2551,50),(2553,50),(2554,22),(2555,65),(2556,50),(2557,97),(2558,27),(2559,97),(2561,97),(2562,27),(2564,17),(2565,22),(2567,65),(2571,67),(2572,27),(2573,2),(2575,50),(2578,50),(2580,27),(2584,17),(2585,65),(2586,17),(2587,17),(2588,17),(2589,67),(2591,67),(2594,97),(2595,2),(2596,65),(2597,67),(2600,67),(2601,2),(2602,22),(2604,2),(2605,65),(2606,71),(2610,2),(2613,2),(2615,71),(2620,97),(2621,50),(2628,2),(2630,17),(2631,2),(2632,67),(2633,65),(2635,17),(2637,22),(2638,2),(2641,65),(2643,27),(2647,67),(2651,67),(2655,65),(2657,71),(2659,50),(2660,22),(2663,67),(2665,65),(2668,71),(2672,50),(2673,27),(2676,97),(2678,71),(2680,27),(2686,65),(2687,67),(2690,50),(2691,67),(2695,50),(2696,27),(2700,17),(2701,50),(2702,65),(2703,22),(2705,22),(2706,22),(2708,27),(2711,50),(2713,22),(2716,97),(2719,97),(2722,2),(2725,67),(2726,50),(2732,97),(2735,22),(2736,71),(2738,67),(2740,71),(2744,67),(2747,22),(2751,17),(2752,65),(2754,17),(2755,65),(2756,22),(2758,71),(2763,2),(2764,97),(2771,27),(2774,50),(2775,2),(2779,71),(2781,17),(2789,27),(2790,17),(2792,27),(2793,71),(2795,67),(2797,67),(2799,71),(2802,65),(2803,71),(2804,65),(2805,17),(2806,67),(2810,71),(2811,97),(2813,50),(2814,65),(2815,65),(2816,67),(2818,71),(2819,22),(2820,71),(2829,27),(2830,65),(2831,67),(2837,50),(2842,50),(2843,2),(2844,97),(2845,65),(2846,71),(2848,2),(2851,97),(2852,2),(2855,50),(2858,71),(2859,67),(2864,22),(2865,65),(2866,27),(2868,2),(2869,17),(2871,50),(2873,67),(2877,2),(2879,50),(2883,17),(2887,67),(2891,17),(2894,97),(2895,50),(2898,50),(2901,71),(2903,97),(2904,2),(2909,50),(2911,27),(2914,50),(2915,50),(2916,22),(2917,2),(2918,27),(2919,27),(2921,2),(2925,27),(2926,97),(2927,97),(2928,17),(2930,17),(2933,65),(2936,50),(2938,17),(2939,71),(2941,97),(2949,97),(2950,71),(2952,50),(2953,17),(2955,50),(2958,65),(2962,2),(2964,97),(2965,2),(2969,97),(2970,71),(2971,2),(2972,27),(2974,22),(2975,50),(2976,71),(2981,50),(2983,65),(2985,22),(2986,97),(2991,67),(2992,67),(2994,97),(2995,67),(2998,71),(3000,2),(3002,22),(3003,22),(3004,17),(3006,2),(3007,22),(3008,2),(3013,71),(3017,67),(3019,17),(3020,27),(3021,27),(3023,22),(3024,22),(3026,27),(3029,17),(3030,17),(3031,27),(3033,65),(3034,27),(3035,97),(3039,50),(3040,97),(3047,65),(3048,67),(3051,97),(3054,27),(3057,27),(3063,71),(3065,2),(3066,22),(3070,71),(3073,27),(3076,65),(3078,2),(3083,27),(3086,97),(3089,17),(3090,22),(3091,67),(3094,27),(3097,65),(3099,2),(3101,67),(3104,97),(3107,27),(3108,71),(3109,17),(3118,71),(3120,27),(3124,65),(3126,71),(3127,97),(3130,50),(3133,50),(3138,65),(3140,50),(3141,71),(3142,2),(3143,27),(3145,97),(3146,27),(3148,22),(3153,27),(3157,97),(3158,22),(3159,67),(3160,97),(3161,50),(3162,2),(3164,65),(3165,71),(3167,65),(3169,67),(3170,50),(3173,50),(3175,17),(3176,27),(3177,65),(3178,97),(3180,71),(3181,22),(3182,71),(3183,67),(3192,67),(3194,22),(3196,27),(3197,22),(3198,17),(3200,27),(3201,65),(3206,17),(3208,71),(3209,71),(3210,50),(3211,71),(3212,17),(3214,22),(3217,67),(3220,65),(3222,22),(3225,27),(3226,50),(3227,97),(3234,2),(3235,97),(3238,27),(3240,17),(3241,27),(3243,2),(3251,17),(3254,22),(3258,22),(3262,97),(3263,97),(3264,2),(3265,22),(3269,22),(3272,27),(3275,50),(3282,67),(3284,97),(3285,65),(3287,65),(3289,71),(3291,17),(3292,27),(3296,97),(3297,27),(3298,17),(3301,65),(3308,67),(3309,50),(3310,2),(3311,65),(3313,50),(3314,2),(3315,97),(3316,67),(3319,50),(3324,2),(3326,71),(3330,67),(3333,27),(3335,71),(3336,65),(3338,50),(3340,2),(3341,97),(3342,71),(3344,65),(3345,67),(3347,71),(3348,17),(3350,22),(3353,65),(3354,22),(3356,67),(3360,65),(3361,67),(3362,71),(3368,22),(3370,27),(3373,22),(3374,22),(3377,97),(3378,71),(3379,27),(3380,97),(3381,50),(3382,71),(3388,2),(3389,27),(3390,50),(3395,27),(3396,22),(3400,17),(3402,97),(3403,27),(3405,17),(3406,71),(3410,97),(3411,71),(3415,65),(3417,2),(3418,17),(3420,22),(3422,27),(3423,71),(3426,97),(3427,2),(3431,67),(3433,17),(3438,27),(3439,97),(3440,50),(3443,27),(3444,71),(3447,71),(3448,22),(3449,27),(3450,67),(3452,22),(3458,67),(3459,17),(3460,67),(3461,2),(3463,27),(3466,65),(3468,27),(3471,50),(3473,27),(3474,22),(3475,27),(3476,2),(3479,22),(3482,50),(3487,27),(3488,67),(3492,27),(3494,22),(3499,67),(3502,2),(3505,50),(3507,17),(3510,2),(3511,97),(3512,50),(3514,71),(3517,67),(3521,71),(3527,17),(3528,50),(3533,17),(3535,97),(3536,65),(3538,71),(3541,97),(3545,2),(3546,50),(3547,27),(3549,50),(3550,97),(3553,65),(3554,71),(3557,2),(3558,97),(3560,27),(3565,27),(3566,65),(3568,71),(3569,65),(3570,22),(3573,71),(3575,2),(3578,50),(3580,97),(3581,2),(3582,2),(3584,67),(3585,71),(3588,97),(3591,97),(3592,22),(3593,2),(3595,97),(3597,71),(3598,97),(3601,97),(3603,97),(3604,27),(3608,22),(3609,27),(3610,27),(3612,71),(3615,22),(3618,27),(3621,67),(3623,67),(3624,67),(3627,22),(3628,50),(3630,27),(3637,65),(3642,27),(3645,50),(3646,17),(3647,27),(3648,50),(3649,22),(3656,2),(3659,22),(3662,17),(3665,2),(3666,50),(3667,17),(3668,2),(3675,27),(3677,2),(3679,97),(3683,22),(3685,50),(3688,22),(3689,67),(3690,71),(3692,2),(3693,2),(3694,22),(3695,71),(3696,67),(3697,2),(3698,17),(3699,22),(3700,50),(3702,71),(3704,67),(3705,97),(3708,97),(3710,2),(3711,50),(3716,22),(3718,17),(3719,71),(3722,27),(3723,22),(3724,27),(3725,65),(3726,22),(3728,71),(3730,65),(3733,22),(3735,2),(3737,17),(3740,50),(3743,71),(3744,2),(3749,65),(3750,71),(3751,22),(3752,50),(3756,65),(3757,22),(3759,65),(3762,97),(3763,71),(3764,50),(3765,67),(3766,67),(3770,27),(3774,67),(3776,22),(3777,67),(3780,97),(3782,2),(3783,2),(3784,17),(3787,27),(3790,65),(3794,27),(3796,17),(3799,22),(3801,67),(3803,22),(3807,27),(3809,17),(3812,17),(3813,27),(3814,71),(3815,2),(3818,67),(3819,22),(3820,67),(3821,2),(3824,71),(3828,67),(3831,71),(3836,22),(3837,27),(3839,65),(3840,67),(3842,17),(3843,71),(3844,27),(3847,2),(3848,97),(3849,50),(3850,17),(3851,27),(3852,2),(3853,65),(3856,65),(3858,27),(3859,22),(3860,97),(3861,67),(3862,50),(3863,2),(3864,17),(3865,22),(3867,17),(3870,97),(3872,50),(3873,71),(3874,97),(3878,27),(3879,50),(3880,71),(3881,67),(3882,97),(3885,27),(3887,27),(3893,2),(3894,22),(3896,71),(3898,2),(3899,17),(3901,22),(3902,22),(3904,50),(3907,27),(3908,97),(3910,2),(3912,67),(3914,22),(3917,2),(3927,50),(3929,67),(3932,2),(3935,67),(3939,2),(3943,17),(3944,65),(3945,50),(3947,2),(3950,65),(3951,71),(3952,65),(3953,50),(3955,65),(3959,50),(3960,97),(3961,97),(3963,50),(3964,17),(3966,71),(3967,65),(3968,27),(3969,17),(3974,71),(3975,71),(3978,50),(3981,67),(3983,97),(3985,22),(3988,97),(3992,97),(3993,71),(3996,67),(3997,2),(3998,50),(4003,67),(4007,22),(4008,17),(4011,17),(4012,27),(4014,71),(4015,2),(4016,97),(4017,22),(4019,67),(4022,27),(4025,17),(4028,65),(4034,97),(4043,27),(4044,50),(4048,50),(4052,67),(4055,65),(4057,22),(4058,65),(4061,17),(4062,2),(4064,50),(4066,27),(4068,97),(4071,50),(4072,22),(4073,67),(4074,65),(4076,67),(4078,27),(4080,71),(4082,97),(4089,65),(4094,22),(4095,67),(4096,67),(4099,17),(4103,2),(4105,27),(4107,65),(4108,22),(4109,2),(4113,50),(4114,65),(4115,50),(4120,2),(4121,22),(4122,2),(4126,22),(4127,71),(4128,22),(4132,22),(4133,27),(4134,65),(4139,22),(4143,97),(4146,97),(4148,97),(4151,50),(4153,65),(4154,27),(4155,27),(4157,65),(4158,97),(4159,65),(4163,22),(4164,67),(4166,71),(4168,27),(4171,2),(4172,27),(4178,65),(4180,2),(4184,97),(4187,17),(4188,50),(4189,97),(4191,50),(4194,65),(4195,22),(4196,27),(4197,71),(4198,65),(4210,67),(4213,50),(4216,97),(4218,67),(4220,27),(4223,97),(4224,22),(4230,2),(4231,22),(4233,65),(4234,65),(4235,22),(4240,22),(4242,97),(4244,97),(4246,2),(4250,22),(4251,97),(4255,50),(4256,97),(4257,2),(4259,50),(4260,17),(4268,65),(4269,50),(4274,65),(4279,17),(4280,67),(4281,97),(4283,2),(4284,22),(4285,67),(4288,65),(4289,22),(4292,50),(4296,2),(4298,17),(4299,67),(4300,2),(4305,50),(4309,22),(4312,67),(4313,67),(4314,65),(4315,67),(4316,65),(4318,67),(4320,97),(4321,65),(4323,22),(4325,97),(4326,65),(4327,67),(4328,2),(4329,17),(4330,17),(4332,65),(4333,27),(4339,97),(4341,65),(4342,27),(4343,22),(4345,27),(4346,2),(4347,50),(4349,71),(4351,2),(4352,65),(4353,50),(4354,17),(4355,2),(4360,71),(4361,71),(4362,71),(4364,50),(4366,65),(4367,27),(4369,17),(4370,50),(4371,2),(4372,27),(4373,27),(4374,65),(4375,17),(4377,27),(4381,71),(4382,27),(4385,2),(4389,17),(4390,22),(4391,67),(4393,65),(4400,50),(4402,2),(4404,65),(4405,2),(4406,97),(4407,67),(4409,67),(4412,50),(4414,71),(4415,67),(4418,27),(4419,67),(4420,65),(4421,71),(4422,22),(4426,2),(4427,97),(4429,71),(4430,2),(4437,27),(4442,22),(4444,67),(4445,50),(4447,67),(4448,50),(4451,71),(4456,67),(4457,67),(4458,17),(4461,27),(4462,22),(4463,65),(4466,50),(4468,97),(4469,65),(4472,50),(4476,65),(4478,22),(4481,97),(4482,50),(4483,2),(4484,22),(4485,17),(4486,67),(4489,2),(4490,50),(4493,67),(4495,2),(4497,22),(4498,67),(4499,50),(4502,50),(4504,50),(4506,97),(4507,17),(4508,2),(4509,71),(4510,97),(4511,67),(4512,97),(4513,27),(4517,2),(4520,65),(4521,97),(4522,2),(4523,22),(4527,27),(4529,67),(4530,65),(4531,22),(4534,17),(4535,67),(4540,65),(4541,27),(4543,27),(4544,65),(4546,71),(4550,2),(4551,67),(4557,17),(4560,71),(4563,17),(4568,67),(4569,27),(4572,17),(4574,97),(4576,27),(4577,97),(4581,71),(4583,17),(4586,97),(4590,22),(4592,17),(4593,65),(4595,17),(4596,22),(4597,71),(4598,50),(4599,97),(4600,50),(4601,71),(4602,2),(4607,17),(4608,27),(4611,50),(4612,65),(4614,2),(4615,22),(4616,67),(4620,67),(4621,50),(4622,65),(4626,97),(4627,17),(4629,97),(4634,2),(4635,2),(4641,22),(4642,2),(4647,97),(4652,27),(4653,97),(4655,17),(4660,65),(4665,65),(4667,22),(4668,71),(4670,27),(4671,71),(4674,67),(4675,97),(4677,65),(4678,71),(4679,17),(4680,2),(4682,22),(4684,67),(4685,2),(4687,65),(4688,27),(4692,67),(4694,2),(4695,97),(4698,67),(4699,22),(4702,97),(4711,67),(4716,22),(4718,17),(4720,71),(4721,22),(4722,65),(4724,71),(4726,27),(4727,22),(4731,27),(4732,67),(4733,2),(4737,71),(4740,65),(4741,71),(4745,67),(4746,22),(4747,65),(4749,71),(4750,22),(4753,97),(4754,65),(4755,22),(4756,50),(4757,97),(4758,2),(4760,65),(4761,97),(4762,67),(4765,71),(4766,97),(4770,50),(4775,17),(4781,17),(4782,22),(4784,27),(4785,67),(4786,2),(4787,71),(4788,97),(4791,27),(4792,65),(4793,2),(4795,17),(4796,22),(4797,71),(4799,97),(4800,50),(4803,50),(4804,67),(4808,67),(4811,27),(4814,22),(4815,2),(4816,71),(4821,22),(4824,2),(4825,27),(4829,22),(4831,71),(4833,22),(4835,17),(4839,22),(4841,27),(4843,22),(4845,50),(4846,71),(4848,2),(4850,65),(4853,67),(4854,2),(4856,97),(4857,27),(4858,2),(4859,17),(4860,65),(4861,71),(4864,2),(4871,2),(4877,22),(4884,71),(4885,71),(4891,65),(4896,17),(4899,71),(4904,50),(4907,50),(4908,71),(4909,97),(4910,67),(4911,65),(4912,17),(4916,97),(4919,97),(4921,65),(4922,17),(4928,27),(4929,27),(4930,17),(4933,97),(4935,17),(4937,17),(4938,97),(4939,50),(4941,22),(4943,2),(4944,2),(4945,17),(4946,17),(4947,2),(4950,50),(4952,2),(4954,71),(4955,17),(4956,17),(4957,65),(4959,65),(4961,65),(4963,50),(4964,50),(4966,27),(4969,2),(4971,67),(4974,22),(4976,97),(4977,22),(4980,50),(4981,27),(4983,67),(4984,65),(4985,27),(4990,71),(4992,71),(4999,22),(5006,22),(5010,17),(5013,27),(5015,22),(5016,22),(5018,65),(5019,27),(5021,67),(5022,65),(5024,22),(5026,71),(5032,67),(5036,71),(5037,50),(5038,27),(5039,27),(5040,2),(5043,71),(5045,50),(5047,67),(5049,2),(5051,50),(5054,2),(5055,50),(5056,71),(5057,67),(5058,17),(5060,22),(5069,65),(5076,2),(5077,65),(5080,71),(5082,17),(5083,2),(5090,17),(5092,50),(5094,65),(5095,50),(5096,17),(5097,17),(5099,67),(5100,2),(5107,97),(5108,65),(5111,65),(5112,27),(5113,97),(5115,65),(5119,17),(5120,50),(5121,27),(5123,22),(5124,97),(5126,50),(5127,71),(5132,71),(5133,17),(5134,97),(5136,2),(5141,71),(5142,2),(5148,65),(5150,65),(5152,22),(5154,67),(5155,71),(5156,67),(5158,22),(5161,27),(5163,97),(5168,50),(5169,2),(5170,97),(5171,50),(5173,67),(5175,65),(5176,97),(5178,67),(5179,17),(5181,2),(5182,17),(5183,65),(5186,27),(5191,17),(5193,2),(5194,17),(5196,97),(5207,17),(5209,17),(5213,97),(5216,2),(5217,22),(5218,65),(5220,65),(5225,50),(5226,22),(5228,50),(5232,17),(5234,65),(5235,71),(5237,17),(5242,17),(5243,97),(5244,2),(5246,65),(5249,67),(5253,67),(5255,50),(5256,27),(5258,71),(5260,65),(5264,65),(5269,27),(5271,2),(5274,67),(5278,27),(5279,17),(5281,65),(5283,65),(5284,27),(5287,65),(5290,65),(5291,65),(5294,22),(5296,22),(5298,2),(5299,65),(5300,71),(5303,22),(5304,17),(5310,65),(5312,27),(5314,22),(5315,50),(5319,50),(5320,97),(5323,17),(5324,17),(5331,50),(5334,65),(5337,2),(5339,17),(5340,22),(5341,27),(5342,17),(5344,97),(5349,71),(5357,27),(5361,65),(5364,50),(5368,67),(5369,22),(5372,17),(5374,22),(5379,50),(5381,50),(5387,22),(5390,2),(5395,22),(5396,65),(5398,22),(5399,97),(5406,97),(5410,65),(5411,27),(5413,50),(5415,65),(5416,65),(5417,65),(5418,2),(5419,22),(5420,65),(5421,22),(5423,50),(5427,2),(5429,27),(5430,50),(5431,71),(5433,71),(5436,2),(5437,27),(5439,50),(5443,27),(5446,65),(5449,67),(5452,71),(5455,2),(5456,2),(5459,97),(5460,27),(5467,65),(5468,17),(5471,22),(5472,65),(5474,71),(5478,67),(5480,2),(5483,27),(5486,27),(5487,67),(5489,50),(5492,65),(5494,22),(5498,67),(5504,2),(5509,22),(5510,17),(5514,65),(5517,17),(5521,97),(5523,65),(5528,65),(5530,50),(5532,2),(5533,17),(5534,22),(5538,71),(5541,17),(5542,22),(5543,71),(5546,65),(5547,97),(5548,97),(5550,71),(5554,65),(5556,67),(5557,50),(5558,67),(5559,17),(5560,97),(5561,27),(5562,65),(5563,50),(5568,65),(5569,22),(5571,65),(5573,97),(5574,27),(5576,17),(5577,17),(5580,27),(5581,71),(5582,67),(5586,71),(5587,71),(5589,71),(5590,2),(5591,65),(5592,2),(5594,27),(5596,27),(5599,65),(5600,27),(5602,27),(5604,50),(5608,97),(5612,17),(5615,2),(5616,65),(5619,22),(5620,97),(5623,97),(5624,97),(5625,27),(5627,65),(5629,17),(5636,2),(5638,50),(5639,65),(5641,17),(5642,65),(5643,2),(5648,97),(5649,22),(5655,71),(5656,71),(5658,17),(5662,97),(5668,50),(5674,22),(5677,22),(5678,97),(5686,97),(5687,67),(5689,22),(5691,27),(5693,67),(5698,50),(5699,50),(5703,22),(5709,71),(5712,27),(5715,22),(5716,67),(5717,71),(5722,71),(5723,97),(5730,71),(5732,27),(5733,65),(5737,2),(5740,2),(5747,65),(5751,97),(5753,22),(5754,50),(5755,71),(5756,50),(5757,27),(5759,22),(5761,67),(5762,67),(5763,17),(5765,65),(5766,27),(5767,50),(5769,2),(5770,2),(5772,97),(5774,50),(5780,27),(5781,71),(5789,97),(5790,67),(5791,50),(5793,67),(5794,65),(5799,50),(5800,65),(5801,97),(5806,2),(5807,65),(5809,97),(5810,65),(5815,65),(5821,22),(5823,2),(5825,27),(5827,71),(5829,50),(5830,65),(5833,50),(5835,17),(5837,67),(5839,17),(5840,65),(5841,17),(5842,22),(5846,67),(5848,17),(5849,67),(5850,17),(5853,97),(5855,65),(5856,97),(5857,50),(5864,27),(5867,50),(5872,97),(5873,97),(5874,50),(5876,97),(5877,50),(5879,50),(5881,50),(5886,2),(5887,71),(5889,65),(5893,27),(5894,65),(5895,2),(5896,2),(5900,17),(5906,22),(5907,67),(5909,22),(5913,97),(5914,97),(5917,65),(5918,67),(5920,2),(5923,22),(5925,71),(5926,2),(5928,97),(5929,71),(5932,50),(5936,22),(5937,22),(5941,27),(5942,17),(5943,71),(5945,27),(5953,67),(5955,22),(5960,97),(5961,67),(5963,2),(5966,65),(5968,17),(5972,67),(5980,65),(5982,17),(5983,71),(5988,97),(5993,97),(5995,17),(5998,97),(5999,71),(6000,67),(6001,65),(6002,97),(6004,2),(6005,50),(6010,97),(6011,97),(6012,22),(6014,50),(6015,22),(6016,65),(6020,97),(6021,50),(6024,27),(6025,22),(6026,17),(6027,67),(6032,17),(6035,97),(6036,67),(6039,67),(6040,17),(6041,50),(6043,27),(6044,22),(6045,22),(6046,27),(6049,22),(6050,27),(6051,22),(6054,2),(6056,17),(6057,97),(6061,2),(6063,17),(6067,50),(6068,2),(6070,2),(6072,67),(6073,50),(6076,22),(6077,27),(6079,27),(6080,67),(6082,67),(6088,67),(6091,97),(6093,27),(6102,97),(6106,71),(6110,17),(6114,67),(6116,97),(6119,65),(6122,17),(6126,22),(6127,97),(6135,65),(6137,50),(6138,27),(6142,71),(6147,65),(6148,50),(6152,71),(6155,65),(6156,65),(6157,22),(6158,65),(6161,67),(6162,2),(6163,17),(6164,2),(6165,27),(6166,65),(6168,71),(6172,17),(6174,22),(6176,67),(6179,65),(6180,22),(6182,65),(6183,67),(6185,97),(6187,50),(6188,27),(6191,2),(6192,71),(6196,27),(6197,65),(6198,22),(6200,67),(6202,50),(6210,71),(6213,22),(6215,27),(6216,50),(6220,97),(6223,65),(6224,2),(6226,65),(6229,67),(6234,22),(6236,67),(6237,2),(6238,71),(6239,50),(6240,22),(6241,2),(6243,22),(6248,71),(6249,22),(6250,71),(6252,65),(6253,22),(6257,27),(6258,2),(6260,27),(6264,17),(6265,27),(6266,2),(6269,50),(6270,2),(6273,50),(6276,22),(6277,27),(6279,97),(6281,71),(6284,22),(6287,65),(6288,71),(6290,97),(6294,22),(6296,17),(6297,65),(6298,27),(6300,97),(6303,17),(6304,65),(6305,2),(6306,27),(6308,50),(6309,27),(6311,22),(6312,2),(6314,65),(6319,65),(6320,2),(6323,97),(6324,71),(6326,27),(6328,97),(6334,22),(6338,50),(6341,50),(6343,50),(6345,71),(6346,27),(6349,22),(6350,17),(6351,97),(6354,17),(6359,2),(6363,22),(6365,27),(6366,65),(6369,65),(6371,22),(6373,71),(6374,22),(6377,22),(6378,17),(6383,67),(6384,67),(6386,50),(6387,67),(6391,22),(6395,2),(6397,67),(6398,22),(6402,71),(6405,17),(6406,22),(6408,2),(6409,67),(6413,67),(6414,65),(6415,50),(6416,17),(6420,97),(6424,65),(6426,17),(6428,17),(6430,67),(6431,27),(6432,50),(6433,27),(6436,2),(6439,71),(6440,17),(6441,22),(6442,2),(6443,27),(6444,2),(6446,67),(6449,71),(6450,67),(6451,2),(6454,97),(6456,50),(6457,27),(6460,67),(6463,67),(6466,65),(6467,71),(6468,27),(6470,27),(6472,50),(6473,97),(6475,50),(6476,27),(6478,65),(6483,67),(6485,50),(6488,22),(6490,17),(6494,2),(6495,65),(6497,17),(6498,71),(6500,71),(6504,50),(6505,97),(6506,17),(6507,50),(6510,67),(6513,2),(6515,22),(6517,67),(6518,97),(6519,71),(6523,2),(6524,65),(6525,65),(6528,67),(6529,50),(6530,97),(6532,2),(6533,97),(6534,97),(6535,65),(6536,27),(6539,50),(6541,22),(6543,97),(6544,71),(6545,50),(6546,97),(6547,27),(6549,67),(6555,71),(6557,22),(6558,17),(6559,67),(6560,27),(6563,67),(6564,27),(6565,27),(6566,2),(6567,17),(6569,22),(6574,71),(6575,22),(6576,97),(6577,50),(6581,97),(6585,50),(6589,27),(6596,97),(6598,27),(6599,22),(6600,65),(6602,71),(6603,71),(6604,97),(6610,67),(6612,65),(6614,27),(6616,65),(6618,2),(6621,2),(6622,50),(6624,22),(6626,22),(6627,17),(6629,67),(6632,97),(6633,65),(6635,2),(6636,2),(6640,67),(6645,27),(6646,97),(6648,2),(6649,27),(6654,27),(6655,97),(6657,71),(6658,67),(6659,97),(6661,22),(6662,2),(6663,50),(6665,2),(6666,71),(6667,50),(6670,67),(6671,50),(6676,71),(6678,27),(6679,50),(6682,71),(6684,71),(6685,71),(6689,2),(6690,2),(6691,50),(6697,2),(6700,65),(6701,65),(6702,2),(6704,27),(6705,97),(6706,97),(6708,27),(6711,27),(6712,22),(6714,27),(6715,17),(6716,2),(6717,27),(6718,27),(6719,17),(6725,97),(6726,27),(6727,97),(6729,27),(6731,17),(6733,50),(6734,17),(6737,65),(6740,2),(6747,2),(6748,27),(6751,71),(6752,17),(6754,27),(6756,27),(6757,17),(6758,2),(6762,2),(6764,22),(6767,50),(6769,97),(6772,17),(6773,71),(6775,22),(6779,50),(6780,22),(6782,50),(6783,50),(6785,65),(6786,97),(6788,65),(6792,65),(6795,22),(6796,65),(6797,97),(6798,50),(6801,17),(6802,17),(6806,2),(6807,17),(6808,17),(6811,50),(6814,2),(6818,27),(6820,97),(6825,50),(6826,50),(6828,97),(6829,50),(6830,67),(6832,27),(6833,50),(6835,97),(6837,22),(6838,71),(6839,27),(6840,65),(6843,22),(6845,97),(6847,22),(6849,17),(6850,65),(6851,71),(6852,50),(6855,22),(6856,71),(6857,2),(6860,27),(6862,97),(6866,2),(6867,65),(6868,17),(6869,50),(6876,67),(6879,50),(6882,50),(6884,22),(6885,2),(6888,50),(6890,67),(6891,67),(6892,97),(6897,17),(6898,67),(6900,22),(6904,97),(6906,17),(6907,71),(6909,22),(6910,2),(6915,2),(6927,50),(6929,67),(6932,97),(6933,97),(6935,97),(6936,67),(6938,97),(6939,27),(6940,67),(6942,2),(6943,2),(6944,97),(6945,65),(6946,71),(6947,50),(6949,2),(6957,2),(6959,50),(6962,50),(6970,67),(6971,22),(6974,27),(6975,97),(6977,97),(6978,65),(6980,97),(6981,2),(6983,50),(6984,17),(6988,17),(6989,65),(6990,65),(6994,71),(6995,50),(6996,65),(6997,71),(7000,22),(7002,50),(7004,22),(7005,97),(7010,65),(7011,22),(7012,97),(7013,17),(7015,17),(7016,27),(7017,22),(7019,17),(7023,71),(7025,67),(7027,71),(7029,2),(7032,17),(7034,71),(7036,2),(7037,71),(7038,67),(7040,2),(7041,22),(7044,97),(7045,22),(7047,71),(7050,50),(7055,17),(7056,27),(7057,17),(7058,97),(7064,65),(7065,67),(7067,17),(7068,65),(7073,22),(7076,50),(7079,50),(7083,50),(7085,65),(7087,71),(7088,67),(7090,71),(7093,67),(7095,27),(7096,65),(7099,71),(7100,65),(7101,27),(7102,71),(7105,50),(7108,17),(7111,97),(7113,67),(7114,2),(7115,17),(7116,65),(7117,65),(7120,22),(7121,2),(7122,67),(7123,22),(7126,65),(7127,27),(7129,50),(7130,17),(7134,67),(7135,2),(7141,67),(7144,17),(7149,67),(7151,65),(7154,71),(7156,50),(7157,22),(7158,22),(7163,17),(7166,2),(7170,97),(7173,65),(7174,97),(7180,27),(7181,67),(7182,71),(7185,2),(7186,67),(7187,2),(7188,67),(7189,27),(7191,27),(7192,67),(7193,2),(7194,67),(7197,27),(7201,50),(7203,17),(7204,65),(7206,17),(7209,22),(7210,22),(7213,27),(7218,97),(7219,71),(7220,17),(7226,27),(7229,17),(7233,50),(7236,65),(7237,22),(7240,27),(7242,17),(7243,17),(7245,67),(7247,71),(7248,2),(7251,71),(7254,65),(7258,2),(7261,65),(7262,97),(7263,50),(7265,22),(7266,97),(7271,17),(7272,65),(7274,50),(7277,22),(7279,22),(7280,67),(7281,50),(7283,50),(7284,2),(7286,50),(7288,27),(7289,22),(7290,97),(7292,50),(7295,71),(7296,50),(7299,67),(7300,17),(7306,65),(7307,97),(7311,71),(7312,27),(7313,97),(7317,67),(7320,2),(7322,97),(7324,22),(7326,97),(7329,50),(7331,50),(7332,97),(7333,65),(7334,17),(7335,27),(7336,97),(7338,27),(7341,17),(7342,50),(7343,97),(7344,22),(7346,97),(7348,22),(7350,65),(7351,71),(7352,71),(7354,27),(7355,27),(7357,65),(7358,50),(7363,97),(7369,50),(7371,27),(7374,27),(7376,27),(7385,2),(7386,27),(7390,27),(7391,22),(7394,22),(7395,71),(7396,71),(7398,17),(7399,50),(7401,2),(7404,65),(7407,27),(7408,27),(7413,71),(7415,71),(7417,27),(7418,2),(7420,71),(7421,67),(7423,65),(7429,67),(7430,65),(7431,97),(7433,2),(7435,17),(7436,50),(7439,97),(7440,67),(7444,71),(7446,27),(7449,2),(7451,71),(7453,67),(7454,50),(7458,2),(7459,2),(7462,27),(7463,97),(7466,22),(7468,71),(7474,97),(7476,97),(7481,17),(7484,22),(7486,67),(7487,2),(7488,67),(7491,67),(7494,71),(7497,27),(7502,27),(7504,50),(7505,97),(7506,27),(7507,65),(7508,17),(7509,71),(7513,65),(7514,71),(7521,65),(7524,97),(7526,97),(7527,50),(7528,67),(7529,27),(7530,65),(7532,67),(7533,71),(7537,50),(7540,97),(7542,65),(7549,27),(7551,71),(7553,71),(7556,67),(7559,65),(7561,97),(7562,27),(7566,22),(7567,67),(7568,71),(7569,67),(7571,22),(7572,67),(7575,2),(7577,71),(7579,97),(7581,71),(7582,27),(7588,67),(7589,50),(7590,27),(7591,65),(7594,97),(7596,2),(7597,2),(7598,50),(7600,67),(7602,97),(7603,97),(7605,67),(7608,65),(7612,22),(7614,65),(7618,27),(7620,97),(7624,17),(7627,22),(7628,27),(7630,50),(7632,2),(7633,17),(7637,17),(7638,27),(7639,97),(7641,17),(7642,22),(7643,71),(7646,2),(7650,67),(7651,50),(7652,65),(7655,2),(7658,17),(7660,50),(7661,2),(7664,22),(7666,97),(7667,67),(7668,17),(7669,97),(7674,50),(7675,67),(7676,22),(7679,2),(7681,17),(7682,17),(7683,17),(7688,50),(7690,65),(7691,65),(7694,65),(7698,67),(7703,71),(7707,97),(7710,67),(7711,2),(7715,17),(7717,50),(7718,2),(7719,71),(7721,2),(7722,65),(7723,71),(7726,22),(7732,17),(7733,97),(7734,50),(7735,17),(7736,67),(7739,67),(7740,2),(7741,17),(7744,50),(7745,22),(7752,17),(7753,65),(7754,50),(7755,27),(7757,2),(7763,2),(7765,97),(7766,65),(7771,71),(7776,67),(7782,65),(7784,50),(7786,67),(7788,67),(7793,97),(7799,71),(7800,65),(7803,2),(7804,50),(7807,50),(7808,22),(7810,65),(7813,27),(7814,71),(7819,67),(7821,2),(7823,50),(7824,71),(7826,22),(7827,2),(7830,2),(7831,27),(7834,65),(7835,65),(7836,67),(7839,67),(7841,65),(7842,67),(7844,27),(7845,27),(7848,50),(7850,97),(7855,97),(7863,17),(7866,67),(7872,97),(7873,2),(7875,27),(7876,97),(7877,50),(7878,71),(7879,22),(7881,17),(7883,17),(7888,2),(7890,97),(7891,22),(7893,65),(7895,67),(7898,50),(7900,65),(7908,71),(7909,97),(7913,22),(7914,27),(7917,67),(7923,2),(7924,2),(7926,27),(7930,27),(7931,50),(7934,97),(7938,27),(7939,27),(7940,17),(7944,17),(7946,22),(7949,17),(7951,50),(7952,22),(7953,67),(7955,22),(7956,50),(7959,71),(7962,50),(7965,65),(7967,71),(7970,71),(7971,17),(7975,50),(7977,22),(7978,71),(7979,27),(7980,22),(7986,2),(7987,67),(7991,97),(7992,2),(7993,67),(7994,27),(7995,50),(7996,22),(7997,22),(7999,71),(8000,65),(8003,50),(8006,97),(8008,97),(8009,65),(8011,50),(8012,17),(8013,27),(8016,67),(8018,67),(8022,17),(8026,22),(8031,22),(8033,2),(8034,2),(8035,27),(8039,65),(8040,27),(8041,22),(8042,97),(8046,65),(8049,27),(8051,65),(8052,65),(8053,50),(8054,27),(8055,2),(8056,97),(8058,65),(8062,27),(8063,71),(8066,22),(8067,71),(8069,71),(8071,22),(8073,50),(8075,22),(8079,27),(8081,71),(8084,2),(8086,2),(8087,2),(8093,22),(8098,22),(8099,2),(8102,22),(8103,67),(8104,65),(8106,67),(8108,2),(8109,50),(8110,22),(8111,27),(8112,17),(8115,97),(8118,97),(8120,65),(8121,2),(8122,97),(8123,22),(8124,50),(8125,67),(8126,50),(8128,22),(8129,65),(8130,71),(8132,71),(8133,97),(8134,17),(8136,65),(8137,97),(8141,22),(8143,65),(8145,22),(8146,65),(8147,67),(8150,50),(8152,27),(8154,22),(8155,17),(8157,27),(8159,71),(8162,50),(8164,71),(8166,97),(8168,50),(8172,67),(8173,65),(8174,65),(8175,65),(8176,71),(8178,2),(8181,27),(8183,27),(8184,27),(8187,97),(8189,17),(8190,17),(8195,71),(8196,27),(8198,67),(8201,71),(8203,65),(8204,27),(8205,2),(8206,22),(8210,2),(8214,65),(8215,65),(8217,27),(8218,71),(8219,97),(8222,22),(8223,27),(8224,71),(8226,22),(8229,71),(8234,50),(8235,71),(8236,27),(8238,17),(8241,65),(8243,50),(8246,50),(8249,2),(8250,71),(8251,50),(8252,17),(8255,97),(8256,27),(8257,65),(8258,67),(8260,17),(8262,17),(8264,17),(8266,22),(8270,27),(8277,22),(8278,71),(8279,2),(8283,67),(8284,67),(8286,2),(8287,97),(8288,2),(8290,71),(8291,17),(8293,97),(8295,22),(8298,97),(8300,22),(8301,27),(8302,65),(8303,71),(8304,97),(8305,65),(8306,65),(8308,27),(8313,71),(8314,50),(8316,67),(8317,27),(8323,22),(8324,71),(8326,65),(8329,27),(8330,17),(8331,2),(8332,67),(8334,97),(8336,2),(8338,27),(8339,65),(8340,2),(8341,22),(8343,65),(8345,97),(8346,27),(8347,50),(8349,17),(8353,27),(8356,71),(8357,65),(8359,97),(8360,65),(8361,50),(8366,65),(8368,22),(8370,97),(8371,27),(8372,71),(8375,65),(8378,71),(8380,2),(8381,50),(8385,27),(8386,50),(8387,65),(8388,50),(8394,17),(8398,65),(8401,65),(8402,50),(8404,22),(8409,67),(8411,67),(8412,97),(8419,65),(8423,17),(8424,27),(8431,71),(8433,50),(8435,22),(8440,27),(8441,50),(8442,97),(8443,97),(8445,2),(8447,22),(8449,97),(8450,27),(8452,2),(8456,50),(8460,22),(8462,2),(8466,2),(8472,67),(8474,65),(8478,65),(8479,17),(8480,67),(8483,22),(8485,71),(8486,22),(8491,50),(8494,50),(8496,2),(8504,27),(8506,2),(8508,17),(8509,71),(8510,71),(8512,65),(8515,17),(8517,22),(8519,2),(8520,2),(8521,22),(8522,17),(8525,27),(8526,17),(8527,65),(8528,27),(8531,67),(8534,71),(8535,50),(8536,71),(8537,50),(8539,2),(8540,27),(8541,67),(8546,71),(8550,67),(8552,50),(8553,2),(8556,17),(8557,97),(8558,2),(8560,50),(8562,2),(8564,22),(8566,22),(8574,97),(8575,97),(8576,50),(8577,17),(8581,2),(8582,65),(8585,50),(8586,17),(8587,97),(8590,67),(8591,67),(8595,22),(8596,50),(8598,65),(8599,67),(8606,22),(8607,17),(8608,71),(8614,65),(8616,71),(8617,65),(8618,27),(8621,27),(8622,67),(8624,50),(8627,27),(8632,67),(8633,2),(8634,27),(8636,2),(8637,27),(8640,22),(8641,97),(8643,71),(8645,50),(8646,97),(8648,27),(8650,97),(8651,2),(8653,22),(8655,67),(8657,71),(8658,65),(8659,17),(8662,27),(8666,22),(8668,27),(8670,50),(8672,2),(8673,2),(8675,27),(8678,67),(8680,27),(8681,71),(8683,27),(8687,71),(8688,17),(8689,17),(8694,97),(8695,65),(8699,17),(8701,22),(8702,97),(8704,17),(8705,2),(8708,27),(8710,2),(8712,50),(8713,27),(8716,17),(8722,67),(8725,2),(8726,2),(8735,27),(8737,22),(8738,27),(8740,65),(8743,65),(8744,97),(8745,67),(8746,65),(8747,27),(8748,50),(8750,2),(8751,17),(8754,71),(8756,97),(8757,27),(8758,2),(8759,71),(8763,97),(8766,22),(8769,2),(8771,71),(8774,27),(8775,17),(8777,22),(8778,27),(8779,65),(8783,65),(8786,65),(8787,27),(8788,67),(8790,65),(8791,67),(8792,97),(8793,2),(8801,27),(8803,65),(8804,97),(8805,2),(8807,22),(8809,27),(8812,65),(8816,22),(8820,50),(8821,50),(8822,17),(8824,97),(8827,50),(8828,97),(8829,71),(8831,67),(8834,2),(8835,65),(8842,2),(8847,17),(8848,97),(8850,50),(8851,71),(8853,50),(8856,2),(8857,17),(8858,22),(8864,67),(8869,71),(8873,17),(8876,67),(8877,17),(8878,71),(8879,65),(8880,22),(8882,2),(8883,2),(8885,97),(8886,22),(8889,65),(8890,27),(8891,50),(8895,50),(8897,71),(8898,50),(8901,22),(8902,50),(8903,50),(8904,97),(8906,65),(8907,67),(8911,71),(8914,17),(8917,50),(8919,27),(8924,17),(8925,67),(8927,65),(8929,71),(8930,65),(8933,71),(8937,65),(8942,71),(8943,65),(8944,22),(8949,2),(8950,65),(8951,22),(8952,97),(8953,97),(8958,71),(8961,22),(8962,50),(8966,22),(8968,17),(8969,97),(8972,65),(8974,67),(8977,50),(8978,50),(8979,27),(8980,22),(8981,27),(8982,50),(8984,71),(8988,71),(8989,67),(8991,50),(8994,27),(8995,65),(8997,2),(9001,22),(9002,17),(9003,97),(9004,71),(9007,27),(9013,97),(9015,50),(9022,65),(9024,97),(9028,50),(9029,50),(9030,22),(9031,97),(9032,67),(9033,50),(9034,97),(9040,27),(9041,17),(9043,27),(9044,71),(9047,50),(9049,67),(9050,22),(9051,2),(9055,50),(9056,2),(9057,67),(9059,2),(9061,50),(9064,22),(9066,17),(9068,67),(9074,27),(9077,2),(9078,50),(9079,67),(9080,2),(9085,2),(9092,27),(9093,97),(9095,50),(9096,71),(9098,22),(9099,50),(9103,65),(9104,71),(9105,27),(9106,97),(9107,97),(9116,67),(9117,71),(9119,50),(9121,27),(9122,17),(9123,50),(9124,97),(9125,17),(9126,17),(9127,97),(9129,67),(9130,50),(9134,2),(9136,27),(9139,71),(9141,2),(9143,97),(9145,65),(9146,2),(9147,97),(9148,2),(9149,2),(9150,50),(9152,71),(9153,27),(9159,97),(9161,50),(9165,17),(9167,22),(9168,27),(9170,17),(9171,2),(9174,22),(9175,67),(9177,50),(9178,27),(9181,17),(9182,50),(9191,65),(9192,27),(9193,27),(9197,22),(9200,71),(9201,50),(9203,65),(9217,67),(9222,50),(9224,50),(9225,22),(9226,65),(9228,50),(9229,22),(9230,65),(9233,97),(9235,17),(9237,2),(9242,97),(9243,67),(9245,17),(9247,22),(9249,17),(9251,27),(9253,27),(9254,27),(9255,2),(9258,71),(9259,67),(9261,17),(9262,27),(9264,27),(9267,65),(9268,67),(9269,65),(9271,50),(9273,17),(9274,17),(9276,17),(9277,67),(9281,67),(9282,50),(9283,22),(9285,22),(9287,71),(9288,97),(9289,22),(9290,2),(9292,97),(9294,17),(9295,67),(9297,17),(9298,27),(9299,71),(9300,50),(9302,67),(9308,17),(9309,50),(9311,65),(9314,97),(9317,67),(9320,2),(9322,22),(9323,27),(9325,67),(9328,97),(9332,71),(9333,97),(9334,2),(9335,97),(9341,65),(9343,71),(9345,50),(9346,97),(9348,2),(9351,22),(9354,71),(9355,22),(9357,22),(9359,71),(9360,50),(9362,97),(9363,97),(9365,97),(9366,71),(9371,50),(9373,67),(9374,2),(9375,2),(9376,27),(9378,97),(9380,67),(9381,27),(9383,22),(9387,17),(9388,17),(9389,17),(9391,97),(9393,2),(9394,22),(9400,97),(9402,67),(9403,17),(9404,27),(9405,67),(9412,22),(9413,67),(9415,65),(9419,65),(9421,97),(9424,27),(9425,2),(9427,97),(9429,27),(9430,97),(9432,71),(9435,71),(9441,65),(9442,71),(9443,97),(9444,97),(9446,67),(9447,67),(9448,27),(9450,2),(9457,71),(9458,50),(9460,22),(9461,71),(9463,50),(9464,50),(9469,67),(9470,22),(9474,67),(9482,17),(9485,97),(9487,97),(9489,71),(9490,50),(9493,50),(9494,71),(9498,97),(9500,50),(9502,71),(9503,22),(9506,50),(9508,65),(9511,17),(9513,17),(9515,27),(9517,2),(9520,17),(9522,17),(9523,67),(9524,50),(9525,22),(9530,50),(9532,97),(9535,50),(9537,27),(9542,50),(9543,2),(9545,2),(9549,67),(9550,67),(9552,22),(9553,67),(9555,67),(9556,17),(9561,17),(9571,17),(9572,2),(9573,2),(9576,67),(9577,71),(9578,27),(9581,22),(9584,50),(9588,50),(9592,27),(9596,97),(9597,65),(9598,65),(9599,17),(9600,22),(9601,17),(9609,27),(9612,71),(9613,2),(9614,97),(9616,17),(9617,65),(9620,97),(9621,22),(9627,27),(9629,67),(9630,50),(9631,2),(9632,27),(9633,67),(9634,22),(9636,65),(9643,67),(9645,27),(9648,27),(9649,65),(9650,67),(9651,65),(9655,17),(9656,22),(9662,2),(9664,2),(9665,71),(9666,65),(9667,22),(9669,17),(9671,67),(9672,67),(9674,2),(9679,71),(9680,65),(9681,22),(9682,50),(9684,65),(9685,50),(9687,71),(9690,22),(9692,2),(9693,97),(9696,67),(9697,71),(9698,22),(9699,22),(9701,50),(9709,65),(9712,65),(9713,17),(9717,27),(9718,22),(9723,22),(9725,67),(9726,22),(9731,27),(9735,65),(9738,97),(9741,65),(9745,67),(9753,65),(9754,22),(9755,71),(9757,50),(9758,97),(9760,2),(9761,97),(9764,50),(9766,65),(9769,71),(9774,67),(9776,65),(9778,67),(9780,50),(9782,27),(9784,97),(9785,67),(9787,97),(9792,65),(9794,27),(9796,2),(9797,2),(9799,65),(9802,27),(9803,67),(9804,71),(9805,67),(9809,22),(9810,67),(9813,27),(9815,2),(9816,27),(9817,67),(9819,71),(9821,71),(9826,67),(9827,71),(9830,71),(9832,17),(9834,27),(9836,65),(9838,97),(9840,2),(9841,22),(9844,27),(9845,50),(9846,22),(9847,17),(9850,27),(9852,97),(9854,50),(9856,50),(9858,97),(9861,2),(9862,71),(9864,65),(9868,97),(9870,65),(9871,97),(9872,67),(9874,2),(9877,97),(9881,2),(9884,71),(9886,71),(9887,97),(9888,50),(9892,65),(9896,67),(9897,65),(9898,2),(9899,27),(9901,65),(9903,17),(9905,65),(9907,97),(9908,65),(9913,97),(9914,2),(9915,2),(9917,71),(9924,65),(9925,50),(9930,71),(9938,67),(9943,27),(9945,50),(9948,65),(9950,2),(9951,27),(9952,27),(9953,17),(9955,27),(9960,27),(9962,97),(9963,17),(9964,27),(9968,50),(9970,71),(9971,17),(9975,17),(9976,97),(9977,50),(9978,67),(9979,2),(9980,17),(9981,67),(9982,67),(9983,17),(9984,67),(9985,67),(9986,97),(9987,27),(9988,22),(9989,71),(9991,2),(9992,67),(9996,22),(9997,65),(9998,71);
/*!40000 ALTER TABLE `camas_hospital` ENABLE KEYS */;
UNLOCK TABLES;

--
-- Table structure for table `convivientes`
--

DROP TABLE IF EXISTS `convivientes`;
/*!40101 SET @saved_cs_client     = @@character_set_client */;
/*!50503 SET character_set_client = utf8mb4 */;
CREATE TABLE `convivientes` (
  `Personas_DNI` int unsigned NOT NULL,
  `Conviviente_DNI` int unsigned NOT NULL,
  `Nombre` varchar(45) NOT NULL,
  PRIMARY KEY (`Conviviente_DNI`),
  UNIQUE KEY `Conviviente_DNI_UNIQUE` (`Conviviente_DNI`),
  KEY `fk_Convivientes_Personas1` (`Personas_DNI`) /*!80000 INVISIBLE */,
  CONSTRAINT `fk_Convivientes_Personas1` FOREIGN KEY (`Personas_DNI`) REFERENCES `personas` (`DNI`)
) ENGINE=InnoDB DEFAULT CHARSET=utf8;
/*!40101 SET character_set_client = @saved_cs_client */;

--
-- Dumping data for table `convivientes`
--

LOCK TABLES `convivientes` WRITE;
/*!40000 ALTER TABLE `convivientes` DISABLE KEYS */;
INSERT INTO `convivientes` VALUES (34541291,25007140,'Keely'),(31172983,25111062,'Kian'),(30074047,25145273,'Adriel'),(39365360,25222964,'Providenci'),(33446723,25234556,'Arielle'),(45615406,25247081,'Edwardo'),(31879772,25333158,'Chadrick'),(45346113,25368896,'Giovanna'),(32867691,25376368,'Johan'),(36499694,25452040,'Dedric'),(47351109,25520131,'Lillie'),(34605014,25543255,'Lewis'),(45998845,25543886,'Dayana'),(44624333,25589530,'Destany'),(33230650,25590117,'Reymundo'),(37411833,25618145,'Jairo'),(38507033,25641518,'Onie'),(33824625,25654433,'Madisyn'),(38135236,25655000,'Donnell'),(35547058,25746408,'Lue'),(44303027,25775060,'Ivory'),(40325306,25807840,'Anthony'),(32867691,25834536,'Phyllis'),(43495099,25836492,'Jaron'),(42620496,25850168,'Regan'),(37049159,25866928,'Rahsaan'),(36671805,25895763,'Annamae'),(31491839,25901233,'Lorenz'),(46288763,25903465,'Maia'),(40931108,25936205,'Angelina'),(44497825,25963579,'Kenny'),(33163248,25970177,'Viva'),(39748990,25981377,'Amir'),(34547161,26033413,'Jean'),(37005774,26037208,'Michaela'),(47324282,26065938,'Vidal'),(30720323,26070844,'Schuyler'),(47298544,26075703,'Hanna'),(36025183,26125814,'Garrick'),(41345344,26153243,'Jailyn'),(39079792,26188689,'Adeline'),(37049159,26217393,'Reanna'),(35443141,26261192,'Eliseo'),(30051110,26276095,'Newton'),(31567991,26278478,'Piper'),(33232446,26281055,'Meredith'),(40642299,26285970,'Karli'),(41180140,26303040,'Tyrell'),(43057805,26384675,'Marvin'),(46740645,26394117,'Heath'),(35491120,26396868,'Rossie'),(33700173,26420585,'Ambrose'),(46321355,26424987,'Zack'),(43665901,26425926,'Alec'),(43928541,26433735,'Selina'),(30202772,26471099,'Sharon'),(43078677,26475851,'Reggie'),(35718217,26478069,'Emmanuelle'),(35877402,26541660,'Patrick'),(37031969,26575033,'Samir'),(39803604,26582874,'Tomasa'),(35547058,26614593,'Maryjane'),(44337917,26621173,'Judd'),(46883464,26672325,'Noemi'),(38523742,26684154,'Elouise'),(37538998,26718031,'Gilbert'),(32988053,26755209,'Ophelia'),(33128154,26757775,'America'),(33776876,26760873,'Elvis'),(44145904,26776286,'Kyler'),(47843476,26788374,'Marian'),(30049155,26849187,'Minnie'),(35138494,26855250,'Lelah'),(32822396,26900921,'Flavio'),(32954398,26921175,'Selena'),(35476157,26956620,'Cameron'),(46203069,26984304,'Conner'),(42653552,27138484,'Audreanne'),(35401444,27150301,'Elbert'),(37185859,27165922,'Brant'),(44624333,27176838,'Lennie'),(37499805,27180688,'Amanda'),(47911890,27202857,'Kailey'),(31491839,27250182,'Alexandrea'),(40791590,27266553,'Marilou'),(46177462,27275562,'Calista'),(33990546,27286444,'Martina'),(44497825,27302163,'Alanna'),(39751973,27306300,'Jana'),(30547550,27310309,'Urban'),(32935813,27314469,'Jude'),(34462110,27371135,'Anabel'),(32159467,27383359,'Abner'),(39403701,27404401,'Ella'),(37051676,27475019,'Steve'),(47731661,27475696,'Vada'),(35100649,27491256,'Shayna'),(41180140,27496441,'Daija'),(30789484,27531136,'Dillan'),(37706121,27593989,'Rosina'),(30262290,27594486,'Quinn'),(43979496,27620161,'Liana'),(35963745,27620292,'Betty'),(47911890,27625298,'Nannie'),(46327950,27635097,'Ivy'),(34144138,27643393,'Gaylord'),(37458848,27686832,'Heloise'),(33824625,27770108,'Trisha'),(33183834,27772571,'Martine'),(42414146,27845815,'Winona'),(46261373,27848409,'Ellis'),(34130369,27850050,'Margarita'),(46179518,27859233,'Ulices'),(33230650,27894734,'Jammie'),(33223744,27934580,'Madyson'),(31681966,27950086,'Felton'),(31020071,27970162,'Ismael'),(46790572,28005043,'Delmer'),(34547161,28033151,'Bailee'),(39079792,28033561,'Xavier'),(44333960,28050323,'Marley'),(41331390,28090176,'Suzanne'),(46870926,28176133,'Margarete'),(42129787,28200788,'Magdalen'),(38327234,28204971,'Leonel'),(30045867,28230481,'Edison'),(34090016,28367207,'Mike'),(31774048,28375221,'Elyssa'),(30846329,28396065,'Kaylin'),(42620496,28403241,'Shaylee'),(37534765,28439119,'Marcelle'),(46748688,28470991,'Rachel'),(45557272,28472106,'Jadyn'),(45246572,28553652,'Shirley'),(33958720,28583108,'Pearline'),(34671696,28588638,'Mackenzie'),(33230858,28596380,'Ciara'),(47408851,28723563,'Therese'),(35718217,28724036,'Christa'),(40079427,28736063,'Laisha'),(46799401,28740572,'Lenna'),(40325306,28815354,'Kasandra'),(32857049,28846979,'Pansy'),(47183555,28856146,'Samanta'),(35225596,28919334,'Justice'),(33530899,28924346,'Maverick'),(47464011,28946405,'Abbey'),(37480022,28970638,'Tommie'),(36499694,29036345,'Leonora'),(38069681,29085264,'Santiago'),(39142390,29086087,'Lou'),(33147801,29158990,'Elsa'),(33230650,29161798,'Elizabeth'),(38721784,29163663,'Hortense'),(43961739,29186139,'Antoinette'),(30920206,29205320,'Theresa'),(35663540,29220289,'Arvid'),(42861892,29237749,'Donny'),(32848377,29239809,'Andreanne'),(43818097,29246900,'Velda'),(31208078,29269861,'Elnora'),(43979496,29277951,'Rhianna'),(44938154,29294646,'Constantin'),(47526577,29363453,'Judge'),(31208078,29377522,'Edna'),(44702725,29397778,'Amber'),(35794186,29476450,'Jovanny'),(32517718,29514122,'Linnie'),(34066400,29553878,'Genoveva'),(37492110,29590898,'Sylvan'),(33298319,29597841,'Princess'),(30599176,29611039,'Chelsie'),(35663540,29618509,'Emil'),(38374179,29663441,'Elaina'),(44654373,29717875,'Morris'),(44811519,29727513,'Soledad'),(35963745,29737491,'Alysson'),(43851991,29740885,'Ray'),(46463764,29763288,'Preston'),(38523742,29822625,'Aubrey'),(42726380,29832553,'Emanuel'),(45246572,29852449,'Maximillia'),(34692298,29886972,'Rusty'),(39518942,29894251,'Wilbert'),(35578706,29897317,'Thaddeus'),(31702924,29904788,'Stefanie'),(46530056,29937830,'Kenna'),(46820120,29943553,'Cecil'),(38695834,29968060,'Jaquan'),(39951692,30061771,'Katheryn'),(46745757,30094942,'Ceasar'),(30908012,30111673,'Eldred'),(38167548,30137915,'Georgiana'),(47904889,30173812,'Talon'),(32533649,30234900,'Savannah'),(36498044,30253668,'Bobbie'),(34033323,30261415,'Unique'),(37505776,30294390,'Emile'),(41331390,30325648,'Jovany'),(43327140,30383623,'Denis'),(47413451,30390549,'Tracy'),(43818097,30408782,'Jordane'),(40642299,30496211,'Elissa'),(40616833,30513844,'Ibrahim'),(32720593,30530100,'Lexus'),(36242220,30615169,'Jett'),(36812686,30642906,'Uriel'),(44654373,30643442,'Garland'),(41332542,30734762,'Keith'),(36650795,30748299,'Araceli'),(44579004,30801538,'Luciano'),(33745221,30811250,'Violet'),(47843476,30989029,'Berniece'),(33189504,31026643,'Emily'),(35671624,31034847,'Rodolfo'),(41347136,31066676,'Tyrel'),(42183065,31084505,'Petra'),(46804876,31088031,'Ricky'),(30331055,31122530,'Celia'),(35380350,31126017,'Lesly'),(36593612,31130119,'Marie'),(33937336,31169522,'Elena'),(30821609,31174264,'Howell'),(35152245,31184782,'Torrance'),(34066400,31187993,'Dovie'),(47413451,31204949,'Nelle'),(32517718,31221505,'Lazaro'),(40616833,31242043,'Vallie'),(36650795,31316272,'Rico'),(38135236,31351579,'Laila'),(44301395,31364672,'Meta'),(37181288,31408021,'Lavonne'),(44918841,31413733,'Juston'),(34656223,31425619,'Carley'),(37489265,31436177,'Braxton'),(33428950,31446468,'Tristian'),(44145904,31476225,'Haylee'),(36118988,31541542,'Pascale'),(36118988,31600571,'Cassandre'),(43834734,31612959,'Keagan'),(46412191,31620101,'Isabella'),(39389509,31714991,'Roman'),(46673395,31762841,'Charley'),(31681966,31824492,'Howard'),(42691859,31856252,'Rosalee'),(39784302,31877439,'Molly'),(33804083,31950819,'Karine'),(37785179,31962370,'Victoria'),(30753778,31969221,'Shana'),(47105843,31988571,'Alaina');
/*!40000 ALTER TABLE `convivientes` ENABLE KEYS */;
UNLOCK TABLES;

--
-- Table structure for table `departamento`
--

DROP TABLE IF EXISTS `departamento`;
/*!40101 SET @saved_cs_client     = @@character_set_client */;
/*!50503 SET character_set_client = utf8mb4 */;
CREATE TABLE `departamento` (
  `NroDepartamento` int NOT NULL,
  `EspecialidadDepto` varchar(45) NOT NULL,
  PRIMARY KEY (`NroDepartamento`)
) ENGINE=InnoDB DEFAULT CHARSET=utf8;
/*!40101 SET character_set_client = @saved_cs_client */;

--
-- Dumping data for table `departamento`
--

LOCK TABLES `departamento` WRITE;
/*!40000 ALTER TABLE `departamento` DISABLE KEYS */;
INSERT INTO `departamento` VALUES (88,'Oncologa radioterpica'),(187,'Neurologa'),(315,'Inmunologa'),(367,'Oftalmologa'),(396,'Neurociruga'),(467,'Ciruga general'),(541,'Hepatologa'),(574,'Nutriologa'),(654,'Infectologa'),(679,'Nefrologa'),(695,'Psiquiatra'),(751,'Pediatra'),(757,'Oncologa mdica'),(783,'Toxicologa'),(818,'Ciruga cardaca'),(945,'Epidemiologa'),(956,'Neumologa');
/*!40000 ALTER TABLE `departamento` ENABLE KEYS */;
UNLOCK TABLES;

--
-- Table structure for table `departamento_suminstro`
--

DROP TABLE IF EXISTS `departamento_suminstro`;
/*!40101 SET @saved_cs_client     = @@character_set_client */;
/*!50503 SET character_set_client = utf8mb4 */;
CREATE TABLE `departamento_suminstro` (
  `Departamento_NroDepartamento` int NOT NULL,
  `Suministros_CodigoSuministro` varchar(6) NOT NULL,
  `CantSum` int unsigned NOT NULL,
  KEY `fk_Departamento_Suminstro_Departamento1_idx` (`Departamento_NroDepartamento`),
  KEY `fk_Departamento_Suminstro_Suministros1_idx` (`Suministros_CodigoSuministro`),
  CONSTRAINT `fk_Departamento_Suminstro_Departamento1` FOREIGN KEY (`Departamento_NroDepartamento`) REFERENCES `departamento` (`NroDepartamento`),
  CONSTRAINT `fk_Departamento_Suminstro_Suministros1` FOREIGN KEY (`Suministros_CodigoSuministro`) REFERENCES `suministros` (`CodigoSuministro`)
) ENGINE=InnoDB DEFAULT CHARSET=utf8;
/*!40101 SET character_set_client = @saved_cs_client */;

--
-- Dumping data for table `departamento_suminstro`
--

LOCK TABLES `departamento_suminstro` WRITE;
/*!40000 ALTER TABLE `departamento_suminstro` DISABLE KEYS */;
/*!40000 ALTER TABLE `departamento_suminstro` ENABLE KEYS */;
UNLOCK TABLES;

--
-- Table structure for table `departamentos_hospital`
--

DROP TABLE IF EXISTS `departamentos_hospital`;
/*!40101 SET @saved_cs_client     = @@character_set_client */;
/*!50503 SET character_set_client = utf8mb4 */;
CREATE TABLE `departamentos_hospital` (
  `Hospital_NroHospital` int unsigned NOT NULL,
  `Departamento_NroDepartamento` int NOT NULL,
  KEY `fk_Departamentos_Hospital_Hospital1_idx` (`Hospital_NroHospital`),
  KEY `fk_Departamentos_Hospital_Departamento1_idx` (`Departamento_NroDepartamento`),
  CONSTRAINT `fk_Departamentos_Hospital_Departamento1` FOREIGN KEY (`Departamento_NroDepartamento`) REFERENCES `departamento` (`NroDepartamento`),
  CONSTRAINT `fk_Departamentos_Hospital_Hospital1` FOREIGN KEY (`Hospital_NroHospital`) REFERENCES `hospital` (`NroHospital`)
) ENGINE=InnoDB DEFAULT CHARSET=utf8;
/*!40101 SET character_set_client = @saved_cs_client */;

--
-- Dumping data for table `departamentos_hospital`
--

LOCK TABLES `departamentos_hospital` WRITE;
/*!40000 ALTER TABLE `departamentos_hospital` DISABLE KEYS */;
INSERT INTO `departamentos_hospital` VALUES (17,751),(65,574),(97,88),(50,88),(97,574),(50,945),(67,679),(17,679),(17,88),(50,783),(50,541),(17,315),(22,574),(22,187),(97,751),(27,367),(27,88),(65,541),(2,315),(27,88),(65,818),(71,467),(27,88),(97,695),(2,574),(27,679),(71,695),(67,187),(2,956),(17,88),(67,695),(22,187),(65,818),(50,751),(97,818),(67,679),(67,679),(71,187),(65,783),(67,751),(22,187),(22,315),(67,945),(22,757),(71,574),(71,679),(2,88),(65,757),(71,187),(27,783),(97,187),(27,695),(65,396),(67,367),(2,541),(97,467),(50,315),(50,315),(2,757),(97,945),(17,757),(50,396),(67,315),(97,695),(22,467),(27,367),(27,783),(71,88),(2,654),(22,187),(71,367),(27,467),(27,945),(50,541),(65,574),(22,783),(17,818),(2,945),(2,88),(50,396),(27,945),(50,757),(67,396),(71,757),(71,187),(71,751),(22,367),(2,695),(2,679),(2,751),(97,541),(50,315),(17,679),(2,367),(65,654),(50,945),(27,956),(67,315),(22,654),(71,88),(65,751),(67,818),(71,757),(50,956),(22,654),(65,396),(71,315),(27,88),(67,541),(22,396),(97,757),(17,467),(67,818),(50,956),(22,467),(2,818),(97,783),(67,818),(50,367),(71,783),(67,574),(2,679),(65,574),(65,467),(71,818);
/*!40000 ALTER TABLE `departamentos_hospital` ENABLE KEYS */;
UNLOCK TABLES;

--
-- Table structure for table `directormedico`
--

DROP TABLE IF EXISTS `directormedico`;
/*!40101 SET @saved_cs_client     = @@character_set_client */;
/*!50503 SET character_set_client = utf8mb4 */;
CREATE TABLE `directormedico` (
  `Empleados_Personas_DNI` int unsigned NOT NULL,
  PRIMARY KEY (`Empleados_Personas_DNI`),
  KEY `fk_DirectorMedico_Empleados1_idx` (`Empleados_Personas_DNI`),
  CONSTRAINT `fk_DirectorMedico_Empleados1` FOREIGN KEY (`Empleados_Personas_DNI`) REFERENCES `empleados` (`Personas_DNI`)
) ENGINE=InnoDB DEFAULT CHARSET=utf8;
/*!40101 SET character_set_client = @saved_cs_client */;

--
-- Dumping data for table `directormedico`
--

LOCK TABLES `directormedico` WRITE;
/*!40000 ALTER TABLE `directormedico` DISABLE KEYS */;
/*!40000 ALTER TABLE `directormedico` ENABLE KEYS */;
UNLOCK TABLES;

--
-- Table structure for table `empleado_departamento`
--

DROP TABLE IF EXISTS `empleado_departamento`;
/*!40101 SET @saved_cs_client     = @@character_set_client */;
/*!50503 SET character_set_client = utf8mb4 */;
CREATE TABLE `empleado_departamento` (
  `Empleados_Personas_DNI` int unsigned NOT NULL,
  `Departamento_NroDepartamento` int NOT NULL,
  KEY `fk_Empleado_Departamento_Empleados1_idx` (`Empleados_Personas_DNI`),
  KEY `fk_Empleado_Departamento_Departamento1_idx` (`Departamento_NroDepartamento`),
  CONSTRAINT `fk_Empleado_Departamento_Departamento1` FOREIGN KEY (`Departamento_NroDepartamento`) REFERENCES `departamento` (`NroDepartamento`),
  CONSTRAINT `fk_Empleado_Departamento_Empleados1` FOREIGN KEY (`Empleados_Personas_DNI`) REFERENCES `empleados` (`Personas_DNI`)
) ENGINE=InnoDB DEFAULT CHARSET=utf8;
/*!40101 SET character_set_client = @saved_cs_client */;

--
-- Dumping data for table `empleado_departamento`
--

LOCK TABLES `empleado_departamento` WRITE;
/*!40000 ALTER TABLE `empleado_departamento` DISABLE KEYS */;
/*!40000 ALTER TABLE `empleado_departamento` ENABLE KEYS */;
UNLOCK TABLES;

--
-- Table structure for table `empleados`
--

DROP TABLE IF EXISTS `empleados`;
/*!40101 SET @saved_cs_client     = @@character_set_client */;
/*!50503 SET character_set_client = utf8mb4 */;
CREATE TABLE `empleados` (
  `Personas_DNI` int unsigned NOT NULL,
  `Fecha_de_Contratacion` date NOT NULL,
  `Lugar_de_desempeo` date NOT NULL,
  PRIMARY KEY (`Personas_DNI`),
  KEY `fk_Empleados_Personas1_idx` (`Personas_DNI`),
  CONSTRAINT `fk_Empleados_Personas1` FOREIGN KEY (`Personas_DNI`) REFERENCES `personas` (`DNI`)
) ENGINE=InnoDB DEFAULT CHARSET=utf8;
/*!40101 SET character_set_client = @saved_cs_client */;

--
-- Dumping data for table `empleados`
--

LOCK TABLES `empleados` WRITE;
/*!40000 ALTER TABLE `empleados` DISABLE KEYS */;
/*!40000 ALTER TABLE `empleados` ENABLE KEYS */;
UNLOCK TABLES;

--
-- Table structure for table `farmaceuticos`
--

DROP TABLE IF EXISTS `farmaceuticos`;
/*!40101 SET @saved_cs_client     = @@character_set_client */;
/*!50503 SET character_set_client = utf8mb4 */;
CREATE TABLE `farmaceuticos` (
  `CodigoSuministro` varchar(6) NOT NULL,
  `NiveldePeticion` varchar(45) NOT NULL,
  `Dosis` varchar(45) NOT NULL,
  `EspecialidadFarmaceutica` varchar(45) NOT NULL,
  `ModoDeAdministracion` varchar(45) NOT NULL,
  KEY `fk_Farmaceuticos_Suministros1_idx` (`CodigoSuministro`),
  CONSTRAINT `fk_Farmaceuticos_Suministros1` FOREIGN KEY (`CodigoSuministro`) REFERENCES `suministros` (`CodigoSuministro`)
) ENGINE=InnoDB DEFAULT CHARSET=utf8;
/*!40101 SET character_set_client = @saved_cs_client */;

--
-- Dumping data for table `farmaceuticos`
--

LOCK TABLES `farmaceuticos` WRITE;
/*!40000 ALTER TABLE `farmaceuticos` DISABLE KEYS */;
/*!40000 ALTER TABLE `farmaceuticos` ENABLE KEYS */;
UNLOCK TABLES;

--
-- Table structure for table `horario`
--

DROP TABLE IF EXISTS `horario`;
/*!40101 SET @saved_cs_client     = @@character_set_client */;
/*!50503 SET character_set_client = utf8mb4 */;
CREATE TABLE `horario` (
  `Lunes` time NOT NULL,
  `Martes` time NOT NULL,
  `Miercoles` time NOT NULL,
  `Jueves` time NOT NULL,
  `Viernes` time NOT NULL,
  `Sabado` time NOT NULL,
  `Domingo` time NOT NULL,
  `PersonalMedico_Empleados_Personas_DNI` int unsigned NOT NULL,
  KEY `fk_Horario_PersonalMedico1_idx` (`PersonalMedico_Empleados_Personas_DNI`),
  CONSTRAINT `fk_Horario_PersonalMedico1` FOREIGN KEY (`PersonalMedico_Empleados_Personas_DNI`) REFERENCES `personalmedico` (`Empleados_Personas_DNI`)
) ENGINE=InnoDB DEFAULT CHARSET=utf8;
/*!40101 SET character_set_client = @saved_cs_client */;

--
-- Dumping data for table `horario`
--

LOCK TABLES `horario` WRITE;
/*!40000 ALTER TABLE `horario` DISABLE KEYS */;
/*!40000 ALTER TABLE `horario` ENABLE KEYS */;
UNLOCK TABLES;

--
-- Table structure for table `hospital`
--

DROP TABLE IF EXISTS `hospital`;
/*!40101 SET @saved_cs_client     = @@character_set_client */;
/*!50503 SET character_set_client = utf8mb4 */;
CREATE TABLE `hospital` (
  `NroHospital` int unsigned NOT NULL,
  `Nombre_Hospital` varchar(45) NOT NULL,
  PRIMARY KEY (`NroHospital`),
  UNIQUE KEY `NroHospital_UNIQUE` (`NroHospital`)
) ENGINE=InnoDB DEFAULT CHARSET=utf8;
/*!40101 SET character_set_client = @saved_cs_client */;

--
-- Dumping data for table `hospital`
--

LOCK TABLES `hospital` WRITE;
/*!40000 ALTER TABLE `hospital` DISABLE KEYS */;
INSERT INTO `hospital` VALUES (2,'Hospital Universitario'),(17,'Hospital Naval Central'),(22,'Hospital Italiano'),(27,'Hospital Aeronutico Central'),(50,'Hospital Favaloro'),(65,'Hospital Militar Central'),(67,'Hospital Alemn'),(71,'Hospital Britnico'),(97,'Hospital Garrahan');
/*!40000 ALTER TABLE `hospital` ENABLE KEYS */;
UNLOCK TABLES;

--
-- Table structure for table `informacion_covid19`
--

DROP TABLE IF EXISTS `informacion_covid19`;
/*!40101 SET @saved_cs_client     = @@character_set_client */;
/*!50503 SET character_set_client = utf8mb4 */;
CREATE TABLE `informacion_covid19` (
  `DirectorMedico_Empleados_Personas_DNI` int unsigned NOT NULL,
  `Infectados` int NOT NULL,
  `Fallecidos` int NOT NULL,
  `Recuperados` int NOT NULL,
  UNIQUE KEY `Fallecidos_UNIQUE` (`Fallecidos`),
  UNIQUE KEY `Recuperados_UNIQUE` (`Recuperados`),
  UNIQUE KEY `Infectados_UNIQUE` (`Infectados`),
  UNIQUE KEY `DirectorMedico_Empleados_Personas_DNI_UNIQUE` (`DirectorMedico_Empleados_Personas_DNI`),
  KEY `fk_Informacion_COVID19_DirectorMedico1_idx` (`DirectorMedico_Empleados_Personas_DNI`),
  CONSTRAINT `fk_Informacion_COVID19_DirectorMedico1` FOREIGN KEY (`DirectorMedico_Empleados_Personas_DNI`) REFERENCES `directormedico` (`Empleados_Personas_DNI`)
) ENGINE=InnoDB DEFAULT CHARSET=utf8;
/*!40101 SET character_set_client = @saved_cs_client */;

--
-- Dumping data for table `informacion_covid19`
--

LOCK TABLES `informacion_covid19` WRITE;
/*!40000 ALTER TABLE `informacion_covid19` DISABLE KEYS */;
/*!40000 ALTER TABLE `informacion_covid19` ENABLE KEYS */;
UNLOCK TABLES;

--
-- Table structure for table `jefedeenfermeria`
--

DROP TABLE IF EXISTS `jefedeenfermeria`;
/*!40101 SET @saved_cs_client     = @@character_set_client */;
/*!50503 SET character_set_client = utf8mb4 */;
CREATE TABLE `jefedeenfermeria` (
  `Empleados_Personas_DNI` int unsigned NOT NULL,
  PRIMARY KEY (`Empleados_Personas_DNI`),
  KEY `fk_JefedeEnfermeria_Empleados1_idx` (`Empleados_Personas_DNI`),
  CONSTRAINT `fk_JefedeEnfermeria_Empleados1` FOREIGN KEY (`Empleados_Personas_DNI`) REFERENCES `empleados` (`Personas_DNI`)
) ENGINE=InnoDB DEFAULT CHARSET=utf8;
/*!40101 SET character_set_client = @saved_cs_client */;

--
-- Dumping data for table `jefedeenfermeria`
--

LOCK TABLES `jefedeenfermeria` WRITE;
/*!40000 ALTER TABLE `jefedeenfermeria` DISABLE KEYS */;
/*!40000 ALTER TABLE `jefedeenfermeria` ENABLE KEYS */;
UNLOCK TABLES;

--
-- Table structure for table `medicamentos`
--

DROP TABLE IF EXISTS `medicamentos`;
/*!40101 SET @saved_cs_client     = @@character_set_client */;
/*!50503 SET character_set_client = utf8mb4 */;
CREATE TABLE `medicamentos` (
  `Internado_Personas_DNI` int unsigned NOT NULL,
  `Medicamento` varchar(45) NOT NULL,
  UNIQUE KEY `Internado_Personas_DNI_UNIQUE` (`Internado_Personas_DNI`),
  KEY `fk_Medicamentos_PacienteInternado1_idx` (`Internado_Personas_DNI`),
  CONSTRAINT `fk_Medicamentos_PacienteInternado1` FOREIGN KEY (`Internado_Personas_DNI`) REFERENCES `pacienteinternado` (`Internado_Personas_DNI`)
) ENGINE=InnoDB DEFAULT CHARSET=utf8;
/*!40101 SET character_set_client = @saved_cs_client */;

--
-- Dumping data for table `medicamentos`
--

LOCK TABLES `medicamentos` WRITE;
/*!40000 ALTER TABLE `medicamentos` DISABLE KEYS */;
/*!40000 ALTER TABLE `medicamentos` ENABLE KEYS */;
UNLOCK TABLES;

--
-- Table structure for table `muestra`
--

DROP TABLE IF EXISTS `muestra`;
/*!40101 SET @saved_cs_client     = @@character_set_client */;
/*!50503 SET character_set_client = utf8mb4 */;
CREATE TABLE `muestra` (
  `NroTesteo` int NOT NULL,
  `Pacientes_Personas_DNI` int unsigned NOT NULL,
  `Resultado` tinyint NOT NULL,
  `SatO2` float NOT NULL,
  `Temperatura` float NOT NULL,
  PRIMARY KEY (`NroTesteo`),
  KEY `fk_Muestra_Pacientes1_idx` (`Pacientes_Personas_DNI`),
  CONSTRAINT `fk_Muestra_Pacientes1` FOREIGN KEY (`Pacientes_Personas_DNI`) REFERENCES `pacientes` (`Personas_DNI`)
) ENGINE=InnoDB DEFAULT CHARSET=utf8;
/*!40101 SET character_set_client = @saved_cs_client */;

--
-- Dumping data for table `muestra`
--

LOCK TABLES `muestra` WRITE;
/*!40000 ALTER TABLE `muestra` DISABLE KEYS */;
/*!40000 ALTER TABLE `muestra` ENABLE KEYS */;
UNLOCK TABLES;

--
-- Table structure for table `normales`
--

DROP TABLE IF EXISTS `normales`;
/*!40101 SET @saved_cs_client     = @@character_set_client */;
/*!50503 SET character_set_client = utf8mb4 */;
CREATE TABLE `normales` (
  `Camas_NroCama` int unsigned NOT NULL AUTO_INCREMENT,
  PRIMARY KEY (`Camas_NroCama`),
  UNIQUE KEY `Camas_NroCama_UNIQUE` (`Camas_NroCama`),
  KEY `fk_Normales_Camas1_idx` (`Camas_NroCama`),
  CONSTRAINT `fk_Normales_Camas1` FOREIGN KEY (`Camas_NroCama`) REFERENCES `camas` (`NroCama`)
) ENGINE=InnoDB DEFAULT CHARSET=utf8;
/*!40101 SET character_set_client = @saved_cs_client */;

--
-- Dumping data for table `normales`
--

LOCK TABLES `normales` WRITE;
/*!40000 ALTER TABLE `normales` DISABLE KEYS */;
/*!40000 ALTER TABLE `normales` ENABLE KEYS */;
UNLOCK TABLES;

--
-- Table structure for table `obrasocial`
--

DROP TABLE IF EXISTS `obrasocial`;
/*!40101 SET @saved_cs_client     = @@character_set_client */;
/*!50503 SET character_set_client = utf8mb4 */;
CREATE TABLE `obrasocial` (
  `Personas_DNI` int unsigned NOT NULL,
  `NroAfiliado` int NOT NULL,
  `Empresa` varchar(45) NOT NULL,
  PRIMARY KEY (`NroAfiliado`),
  UNIQUE KEY `Personas_DNI_UNIQUE` (`Personas_DNI`),
  KEY `fk_ObraSocial_Personas_idx` (`Personas_DNI`) /*!80000 INVISIBLE */,
  CONSTRAINT `fk_ObraSocial_Personas` FOREIGN KEY (`Personas_DNI`) REFERENCES `personas` (`DNI`)
) ENGINE=InnoDB DEFAULT CHARSET=utf8;
/*!40101 SET character_set_client = @saved_cs_client */;

--
-- Dumping data for table `obrasocial`
--

LOCK TABLES `obrasocial` WRITE;
/*!40000 ALTER TABLE `obrasocial` DISABLE KEYS */;
INSERT INTO `obrasocial` VALUES (37815392,610001934,'OSDE'),(35301330,610017086,'IOMA'),(36141154,610018153,'Galeno'),(44702725,610030185,'Medife'),(42653699,610048884,'Accord Salud'),(39403701,610049340,'Swiss'),(46781570,610063942,'Accord Salud'),(46827357,610068357,'Swiss'),(33183834,610083689,'Medicus'),(40079427,610089625,'OSDE'),(46763310,610089953,'IOMA'),(37505776,610112873,'Medife'),(37268934,610126617,'Galeno'),(38507033,610160056,'IOMA'),(39445709,610163839,'Galeno'),(30356860,610178238,'Medicus'),(42754062,610183812,'Galeno'),(41525141,610190119,'OSDE'),(38330262,610202911,'Medicus'),(38756509,610205613,'Medife'),(43064539,610207639,'IOMA'),(32727050,610241640,'Medife'),(44045187,610244231,'Medicus'),(34692298,610253487,'Accord Salud'),(34066400,610262317,'Swiss'),(30735245,610269507,'Medicus'),(37538998,610286192,'Medife'),(34542667,610287768,'Accord Salud'),(46820120,610321104,'IOMA'),(32810074,610340411,'Medicus'),(31895358,610348335,'Swiss'),(37663814,610354372,'Galeno'),(31005077,610367168,'Galeno'),(41694391,610411408,'Swiss'),(37480022,610411690,'OSDE'),(33700173,610415532,'OSDE'),(40922163,610420401,'Swiss'),(32179783,610430092,'OSDE'),(43979496,610437372,'Swiss'),(30045867,610463356,'Medife'),(34903718,610470598,'Medicus'),(43287354,610475637,'Accord Salud'),(40025115,610488585,'OSDE'),(42787658,610493109,'OSDE'),(39105520,610546207,'Accord Salud'),(30789484,610554479,'Medicus'),(41331390,610555203,'Accord Salud'),(46543042,610566411,'Medicus'),(30150329,610569907,'Medicus'),(37548004,610575834,'Medife'),(37829043,610584852,'Swiss'),(43192699,610599747,'OSDE'),(37091051,610611624,'OSDE'),(47526577,610617171,'Medicus'),(37266819,610617493,'Accord Salud'),(31554965,610696218,'Accord Salud'),(39399620,610703653,'Galeno'),(35476157,610738329,'Galeno'),(33776876,610761985,'Accord Salud'),(37613578,610764357,'OSDE'),(30188249,610779425,'Medicus'),(32408673,610786556,'Accord Salud'),(35432119,610792866,'Accord Salud'),(38670487,610800484,'Swiss'),(33740352,610815379,'IOMA'),(40126936,610827018,'Swiss'),(43976366,610829245,'Accord Salud'),(37185859,610833418,'OSDE'),(46576597,610834556,'IOMA'),(38523742,610839180,'OSDE'),(33273657,610859238,'OSDE'),(35209321,610904183,'Medife'),(32305890,610905807,'Accord Salud'),(46790572,610909239,'Medicus'),(46103687,610918343,'Medife'),(39267920,610924240,'Swiss'),(42132528,610932427,'OSDE'),(47028874,610937935,'Medicus'),(42400188,610954668,'Medife'),(37706121,610975255,'Swiss'),(40918662,611014333,'OSDE'),(42223992,611023562,'Galeno'),(31857195,611027038,'Swiss'),(46864082,611037741,'OSDE'),(47462774,611037883,'OSDE'),(46410171,611039870,'OSDE'),(34367925,611046813,'Accord Salud'),(36570262,611092759,'OSDE'),(39491578,611102094,'Medife'),(35980484,611102916,'Swiss'),(43107487,611111715,'IOMA'),(32848377,611112583,'Medicus'),(31240159,611120833,'Medife'),(34605014,611129144,'OSDE'),(38915177,611167945,'Galeno'),(31491839,611176950,'OSDE'),(34033323,611185267,'Swiss'),(46729742,611198214,'Medife'),(40301744,611247280,'Accord Salud'),(46984440,611255109,'Medife'),(40220617,611258274,'OSDE'),(33958720,611263446,'Swiss'),(35248121,611278813,'OSDE'),(38827608,611279413,'Galeno'),(44626728,611306891,'OSDE'),(35890550,611334495,'IOMA'),(46179518,611336724,'IOMA'),(44616817,611341974,'OSDE'),(43982648,611361127,'Swiss'),(46927419,611361425,'Galeno'),(33295112,611382481,'OSDE'),(44258166,611388294,'Medife'),(47303451,611395785,'Swiss'),(34747567,611396643,'IOMA'),(31774048,611402899,'OSDE'),(37211926,611403522,'Galeno'),(38260670,611413804,'Galeno'),(45539570,611446854,'Medife'),(33298319,611450421,'Medicus'),(46427749,611465111,'Swiss'),(33446723,611467305,'Medife'),(34055364,611468264,'Medife'),(47843476,611469229,'Medife'),(37539647,611478097,'Medicus'),(35171257,611481118,'Swiss'),(44209886,611541217,'Accord Salud'),(39360106,611566199,'Medicus'),(43665901,611566985,'Accord Salud'),(42653552,611604058,'Medicus'),(36716790,611636411,'Swiss'),(39337714,611649222,'IOMA'),(38731802,611651691,'Medife'),(43495099,611657163,'Medife'),(47838441,611662546,'Galeno'),(37872447,611686357,'IOMA'),(46420046,611689520,'Accord Salud'),(32131049,611690146,'Medicus'),(33428950,611690239,'Swiss'),(42387227,611714939,'Medicus'),(46098237,611723627,'Medicus'),(43057805,611724370,'Medife'),(33937336,611741506,'Accord Salud'),(36325705,611748568,'IOMA'),(41886044,611748743,'Medicus'),(31243906,611789352,'Medicus'),(45844571,611806981,'Galeno'),(45829193,611813229,'Accord Salud'),(34515031,611822590,'Accord Salud'),(38715758,611825057,'Swiss'),(44714169,611834508,'Galeno'),(33743577,611843268,'IOMA'),(46105449,611849427,'Swiss'),(47583547,611857631,'OSDE'),(32517718,611858823,'IOMA'),(47284655,611865223,'Medife'),(37534765,611924810,'Medicus'),(35877402,611939083,'Medicus'),(31020071,611939760,'Medicus'),(47131046,611955172,'OSDE'),(42009379,611960207,'Swiss'),(33881256,611969716,'Swiss'),(46201887,611980203,'Swiss'),(36836102,612006609,'Swiss'),(31850723,612017103,'OSDE'),(35794186,612022242,'Accord Salud'),(45165974,612045485,'Medicus'),(39431705,612064233,'Medife'),(30029024,612065252,'Medife'),(32159467,612086881,'IOMA'),(35718217,612103815,'Swiss'),(32949419,612104857,'Galeno'),(34932178,612109342,'IOMA'),(43858625,612115340,'Accord Salud'),(39396205,612116603,'Galeno'),(41459599,612125160,'Swiss'),(34365726,612137294,'Medife'),(42726380,612149177,'Swiss'),(47298544,612157048,'OSDE'),(46304140,612161852,'Medife'),(35908666,612177344,'Medicus'),(38167548,612178453,'OSDE'),(35475015,612210672,'IOMA'),(47261151,612223250,'Medife'),(46644349,612236994,'Accord Salud'),(35030332,612242312,'Galeno'),(36915922,612249290,'Medicus'),(42183065,612252861,'OSDE'),(47983958,612262816,'Swiss'),(43974466,612263867,'Medicus'),(38695834,612285574,'Swiss'),(44333960,612297215,'Galeno'),(41710706,612309465,'IOMA'),(38327234,612327909,'Medicus'),(38815043,612332712,'Medicus'),(32867691,612335440,'Medife'),(38042193,612337235,'IOMA'),(39751973,612356583,'IOMA'),(42169505,612381522,'Medicus'),(40678944,612392471,'OSDE'),(34780854,612407443,'IOMA'),(33223744,612409507,'Swiss'),(41535817,612428385,'Swiss'),(32275066,612436435,'Medife'),(43829216,612444306,'IOMA'),(31190233,612446595,'Swiss'),(46673395,612479730,'IOMA'),(39892697,612562049,'OSDE'),(45986805,612566990,'Galeno'),(45586920,612568276,'Swiss'),(30262290,612599030,'Accord Salud'),(42776918,612607901,'Medicus'),(38374179,612613100,'Accord Salud'),(47464011,612615985,'Medife'),(39389509,612643688,'IOMA'),(30660635,612648095,'Galeno'),(36650795,612667685,'Medicus'),(46870926,612684630,'OSDE'),(46110295,612695379,'OSDE'),(37691478,612696492,'IOMA'),(46605449,612698927,'Medife'),(32094780,612706664,'Medicus'),(32911468,612713520,'Accord Salud'),(45346113,612722309,'OSDE'),(33163248,612730510,'Galeno'),(37012920,612737177,'Swiss'),(43818097,612744364,'Accord Salud'),(37260889,612749546,'Medife'),(34806897,612761622,'Accord Salud'),(45616670,612765078,'Swiss'),(39937395,612774037,'Medife'),(41718827,612789946,'Swiss'),(30202772,612825912,'Medife'),(36242220,612850005,'OSDE'),(40810712,612851749,'Medicus'),(40791590,612861634,'Swiss'),(42119377,612886407,'Swiss'),(44449108,612943257,'Swiss'),(37903738,612947710,'Swiss'),(41180140,612951919,'Galeno'),(43433663,612970024,'Galeno'),(32684234,612978990,'Medife'),(44082671,612984897,'IOMA'),(31650376,612995004,'Swiss'),(33230650,613003889,'IOMA'),(38886713,613008621,'Swiss'),(34676506,613018457,'OSDE'),(33147801,613031017,'Accord Salud'),(39079792,613042314,'IOMA'),(41861376,613051490,'Galeno'),(38135236,613056515,'Medicus'),(44791309,613087980,'Galeno'),(31037665,613090675,'Swiss'),(47324282,613094247,'Swiss'),(35681049,613096276,'Medife'),(41628348,613098416,'OSDE'),(41243878,613101539,'IOMA'),(44531354,613104814,'Accord Salud'),(45394100,613109566,'OSDE'),(41325811,613135894,'Swiss'),(35138494,613172294,'IOMA'),(40742819,613174596,'Swiss'),(41345344,613191694,'IOMA'),(31474750,613206849,'Medife'),(43602436,613224176,'OSDE'),(37005774,613227603,'Medicus'),(32906672,613287981,'Swiss'),(45998845,613301724,'Swiss'),(47659021,613308594,'Medicus'),(34139577,613320047,'Medicus'),(33232446,613320399,'Medicus'),(32132620,613328043,'OSDE'),(33824625,613348030,'Medife'),(43154346,613361943,'IOMA'),(30190968,613364192,'Medife'),(37735666,613366786,'Accord Salud'),(30074047,613400173,'Medicus'),(35705948,613403247,'IOMA'),(34449825,613413531,'Accord Salud'),(33597495,613433917,'Accord Salud'),(41038789,613471980,'Accord Salud'),(43898438,613475941,'Galeno'),(42215729,613489814,'IOMA'),(40238607,613499517,'Galeno'),(40333633,613507007,'Accord Salud'),(38690119,613515482,'Galeno'),(42029024,613522377,'Accord Salud'),(41332542,613556887,'Galeno'),(35052203,613561406,'Medicus'),(35988217,613565563,'Galeno'),(30908012,613575921,'IOMA'),(37526165,613610379,'Medicus'),(39951692,613623773,'OSDE'),(41460137,613628886,'IOMA'),(31205335,613630419,'Galeno'),(38771936,613631994,'Galeno'),(39634256,613645223,'OSDE'),(30051110,613655764,'Medife'),(39142390,613656488,'Swiss'),(39474214,613674101,'Medife'),(32450509,613689441,'Medicus'),(41869080,613738962,'Swiss'),(39877634,613772899,'Medife'),(39400789,613774473,'Medife'),(36892659,613804300,'OSDE'),(33127165,613838656,'Medicus'),(43083544,613856394,'Medicus'),(44377216,613865417,'Galeno'),(32709292,613882429,'Galeno'),(32641683,613883972,'IOMA'),(47004692,613899612,'Accord Salud'),(31827723,613907429,'IOMA'),(36062344,613919522,'Medicus'),(31702924,613937123,'Medicus'),(37031969,613941330,'OSDE'),(35380350,613943319,'OSDE'),(31876267,613945941,'IOMA'),(34547161,613946697,'Medicus'),(36288129,613948465,'Medicus'),(39031175,613949809,'Medicus'),(39003979,613961406,'Medife'),(43684066,613964632,'Medicus'),(37458848,613991637,'Medife'),(45746189,613992601,'Medicus'),(30529608,613994523,'Galeno'),(47985627,613998657,'Galeno'),(32262133,614004837,'Medicus'),(39474191,614013728,'Medife'),(45463779,614027703,'Accord Salud'),(39088370,614054610,'Swiss'),(47952984,614059140,'IOMA'),(36508384,614085549,'IOMA'),(30331055,614085989,'Accord Salud'),(32437422,614092954,'Galeno'),(33305909,614121177,'Swiss'),(38466588,614127354,'Medife'),(46090115,614132103,'Swiss'),(47574131,614155627,'OSDE'),(47875120,614168021,'Accord Salud'),(42691859,614194626,'IOMA'),(34462110,614214432,'Galeno'),(30720323,614244203,'Galeno'),(35671624,614279144,'IOMA'),(44777933,614281897,'Medicus'),(41482651,614285200,'Medicus'),(44506303,614289041,'OSDE'),(46966351,614292464,'Galeno'),(35414316,614361915,'IOMA'),(37276024,614364180,'Medicus'),(42137588,614369798,'Medicus'),(47208588,614374677,'Medife'),(46231342,614379691,'IOMA'),(47105843,614418690,'Medife'),(40557207,614424677,'Medicus'),(38421437,614427786,'IOMA'),(38234435,614428679,'OSDE'),(31804021,614465023,'Galeno'),(39784302,614472558,'Swiss'),(44082483,614480111,'Medicus'),(34194342,614484106,'Medicus'),(30528019,614504119,'Galeno'),(34881499,614508386,'OSDE'),(30547550,614516286,'OSDE'),(32343388,614548879,'IOMA'),(34144138,614559046,'OSDE'),(46203069,614561979,'Galeno'),(35262597,614586476,'Swiss'),(44757155,614612051,'Medife'),(40642299,614626601,'Accord Salud'),(37038836,614647627,'Galeno'),(38672521,614650423,'Accord Salud'),(32828431,614669968,'Medicus'),(36237533,614674828,'Swiss'),(46530056,614682667,'Medife'),(42602026,614705231,'Swiss'),(46741892,614717351,'IOMA'),(46069802,614727861,'IOMA'),(30584089,614727972,'Medife'),(35676905,614732311,'Galeno'),(42414146,614733328,'OSDE'),(34137091,614746005,'Swiss'),(34885057,614762470,'IOMA'),(41609859,614769674,'Swiss'),(37393329,614784323,'IOMA'),(35460300,614830972,'OSDE'),(44712758,614867999,'Medicus'),(35578706,614893625,'OSDE'),(36498044,614907967,'Galeno'),(43272884,614923239,'OSDE'),(36602431,614934175,'Swiss'),(42781231,614934227,'Galeno'),(45736517,614948807,'Medife'),(33018976,614955771,'Medicus'),(34130369,614955949,'Medife'),(44775529,614960227,'Medife'),(45902449,614974736,'Medife'),(44145904,614992983,'IOMA'),(38167713,614999433,'Swiss'),(46599229,615048192,'Medicus'),(32923300,615064732,'Accord Salud'),(47571308,615065540,'Medife'),(44337917,615084389,'Swiss'),(46052250,615115763,'Medicus'),(35099656,615123434,'Swiss'),(33189504,615128073,'Medife'),(31517225,615137307,'Swiss'),(32932026,615139805,'Medicus'),(44654373,615142629,'OSDE'),(31416041,615207583,'Swiss'),(32857049,615218998,'IOMA'),(32409615,615229720,'Galeno'),(39080997,615256859,'OSDE'),(32822396,615282110,'Galeno'),(35443141,615315183,'Accord Salud'),(45773713,615321652,'IOMA'),(47336406,615329398,'IOMA'),(40759122,615342297,'Medicus'),(37482411,615358453,'Galeno'),(44830414,615363539,'Medicus'),(39298572,615366902,'Swiss'),(46594784,615396743,'OSDE'),(37564170,615423354,'OSDE'),(33128154,615426701,'Accord Salud'),(38545785,615449712,'IOMA'),(32461335,615466809,'Swiss'),(43098487,615474514,'Medicus'),(36112887,615482146,'OSDE'),(37875427,615487350,'Medicus'),(39653573,615530829,'Medicus'),(37785179,615535128,'Swiss'),(30049155,615540126,'Medicus'),(40665647,615540274,'Medife'),(32988053,615549880,'Medife'),(46748688,615563686,'Medife'),(44122642,615595432,'Medicus'),(35100649,615601559,'Accord Salud'),(47944389,615604066,'Medife'),(33804083,615606927,'Medife'),(33842683,615623349,'OSDE'),(45627436,615632344,'Medife'),(41152401,615635374,'IOMA'),(41585461,615674242,'IOMA'),(35663540,615687150,'Galeno'),(30821609,615695026,'Accord Salud'),(44811519,615696660,'Medife'),(43834734,615741689,'IOMA'),(45859453,615760340,'IOMA'),(31444779,615773989,'OSDE'),(34556029,615805439,'Galeno'),(33811041,615811377,'Swiss'),(41799964,615823731,'Medife'),(40715229,615831801,'Swiss'),(35547058,615865780,'IOMA'),(33618412,615891045,'Medife'),(42360888,615898063,'IOMA'),(33200672,615901055,'Medife'),(47731661,615901591,'Swiss'),(42044164,615946701,'Swiss'),(47408851,615962428,'Accord Salud'),(31879772,615964538,'IOMA'),(43489304,615965514,'Swiss'),(40370563,615966346,'Galeno'),(46463764,615974457,'Medife'),(46883464,615998451,'Medicus'),(35094196,616014435,'Accord Salud'),(30354562,616015185,'Swiss'),(47838161,616020880,'Galeno'),(43250631,616022413,'Medife'),(30694733,616026905,'Medicus'),(47627459,616034890,'OSDE'),(31091551,616047166,'IOMA'),(38127548,616053257,'Medicus'),(34090016,616054851,'Medicus'),(38941155,616058296,'Galeno'),(37864658,616060480,'Swiss'),(42413653,616068046,'Galeno'),(31572415,616070543,'OSDE'),(34591490,616113393,'Swiss'),(33599250,616117492,'OSDE'),(45629110,616118951,'Galeno'),(38355920,616136219,'Medicus'),(43078677,616151109,'Accord Salud'),(35174523,616177266,'Medicus'),(43043606,616186718,'IOMA'),(45632808,616199132,'OSDE'),(32861556,616209836,'OSDE'),(45752733,616214692,'OSDE'),(30805557,616229865,'Medicus'),(38994196,616235005,'Medicus'),(45851032,616236322,'Medife'),(42368678,616250175,'Medicus'),(43828212,616252762,'OSDE'),(47904889,616266922,'Swiss'),(42003159,616267081,'Accord Salud'),(41830805,616279126,'Galeno'),(33237644,616284402,'Medicus'),(34234155,616284805,'Swiss'),(44372393,616287182,'Medife'),(47413451,616294346,'Accord Salud'),(45862319,616295012,'Accord Salud'),(45191117,616297225,'Accord Salud'),(46080826,616309147,'Galeno'),(41156121,616318533,'Galeno'),(39754163,616320617,'Accord Salud'),(46804876,616323577,'Medife'),(36042347,616337583,'Galeno'),(40263893,616345909,'Galeno'),(43708125,616358873,'Medicus'),(30070829,616362562,'OSDE'),(41610518,616370992,'OSDE'),(44979264,616377854,'Medicus'),(33104086,616398241,'Medife'),(32954398,616416144,'Medife'),(37049566,616423646,'IOMA'),(34671696,616445996,'OSDE'),(42453788,616451871,'Accord Salud'),(39127727,616452395,'Medicus'),(31888191,616457189,'Galeno'),(33055568,616462527,'Accord Salud'),(47859689,616515468,'Swiss'),(30433377,616530755,'Medife'),(43715165,616534021,'Medicus'),(33530899,616549797,'Accord Salud'),(33797272,616571331,'Accord Salud'),(35963745,616580040,'Medicus'),(36260918,616595613,'Accord Salud'),(38349695,616608492,'Medicus'),(31965210,616618499,'Accord Salud'),(33030314,616636066,'Galeno'),(40135172,616643575,'OSDE'),(47351109,616646178,'Medicus'),(32179927,616655234,'IOMA'),(46199341,616663540,'OSDE'),(41164279,616666689,'Medicus'),(30561665,616671672,'Accord Salud'),(37411833,616699391,'Medicus'),(47891854,616703566,'OSDE'),(43537418,616706496,'OSDE'),(36821436,616723401,'Medicus'),(46221141,616738694,'OSDE'),(34950278,616738981,'Medife'),(46740645,616767087,'Galeno'),(40916537,616767318,'IOMA'),(35005206,616796742,'Medicus'),(39258263,616804392,'Galeno'),(31135929,616817783,'Medife'),(37285350,616825188,'Medicus'),(31520685,616857088,'Swiss'),(32668522,616857242,'Medicus'),(46321355,616857474,'Galeno'),(35200145,616875114,'IOMA'),(35566444,616882392,'Swiss'),(33625601,616888551,'OSDE'),(36671805,616894396,'Galeno'),(43920800,616903422,'Swiss'),(31546634,616920174,'OSDE'),(34541291,616932487,'IOMA'),(31772619,616938331,'Galeno'),(43313536,616940535,'Medife'),(44699440,616944280,'OSDE'),(33982870,616950687,'Galeno'),(38905118,616980533,'Galeno'),(31988287,616984861,'Galeno'),(47414550,616985290,'Medife'),(44491702,616985374,'Medife'),(44303027,616994282,'IOMA'),(47055670,617025871,'Swiss'),(47068495,617031556,'OSDE'),(38628770,617036523,'OSDE'),(41850123,617042090,'Medife'),(45786418,617044383,'IOMA'),(44624333,617056164,'Galeno'),(47183555,617060375,'Medife'),(36390083,617080236,'Medife'),(30485971,617102552,'Swiss'),(34093375,617110166,'Swiss'),(30967128,617113968,'IOMA'),(34316793,617132260,'Accord Salud'),(31680907,617141245,'Medife'),(43883199,617142022,'Swiss'),(33042707,617154337,'IOMA'),(41036165,617160466,'Accord Salud'),(47090218,617162999,'Medife'),(34555018,617187431,'OSDE'),(46353919,617188000,'IOMA'),(36133196,617197362,'Medicus'),(33230858,617212247,'Galeno'),(34514980,617257222,'Medife'),(46261373,617264097,'Swiss'),(45854476,617271749,'Accord Salud'),(41078256,617272743,'Swiss'),(43851991,617273225,'Medicus'),(43961739,617274866,'Medicus'),(45951242,617283190,'IOMA'),(41717951,617284922,'Accord Salud'),(45615406,617288889,'Medicus'),(37181288,617290043,'OSDE'),(35641472,617290905,'Medicus'),(39178653,617291606,'Medife'),(40616833,617291777,'Accord Salud'),(33869545,617302586,'Medicus'),(38771421,617305215,'Galeno'),(38707124,617322428,'Medife'),(32908798,617333210,'Accord Salud'),(38721784,617337543,'Galeno'),(41985993,617342177,'Medife'),(32935813,617350717,'Medife'),(38941429,617452436,'Medicus'),(36499694,617491248,'Swiss'),(46255750,617540275,'IOMA'),(36269988,617541024,'Medicus'),(30753778,617554691,'Swiss'),(37492110,617559090,'Medicus'),(36781900,617559595,'Medife'),(35781368,617562794,'Medicus'),(37051676,617570049,'Medicus'),(41347136,617585134,'Medicus'),(42402251,617585296,'OSDE'),(42583090,617600126,'Accord Salud'),(43344958,617615912,'Medife'),(40344704,617645092,'Medicus'),(38204964,617645269,'IOMA'),(33144031,617670527,'Medicus'),(40267040,617688579,'IOMA'),(47632604,617691834,'Galeno'),(42069621,617704981,'Galeno'),(33560911,617707246,'Galeno'),(38447020,617719078,'Medicus'),(42768761,617723936,'Galeno'),(31035155,617747518,'IOMA'),(31567991,617747548,'IOMA'),(31681966,617770706,'IOMA'),(34398222,617772859,'Medicus'),(44918841,617792962,'Medife'),(34249867,617840450,'Accord Salud'),(35152245,617893846,'Accord Salud'),(34685847,617914077,'Medife'),(37499805,617919354,'OSDE'),(42620496,617921784,'Swiss'),(41876111,617937952,'Medicus'),(45557272,617939990,'Galeno'),(45105672,617944933,'IOMA'),(36226823,617954519,'Medife'),(40931108,617970752,'Medicus'),(42875802,617981925,'Accord Salud'),(44497825,617982101,'Medicus'),(46147314,618008247,'Swiss'),(43928541,618008605,'Accord Salud'),(30599176,618012606,'Accord Salud'),(31208078,618014625,'OSDE'),(35724351,618026217,'Accord Salud'),(31054355,618031473,'Galeno'),(41846393,618081179,'IOMA'),(43830410,618085895,'Swiss'),(31953208,618099448,'Medife'),(46288763,618105724,'Medife'),(35841051,618110491,'Medicus'),(39135170,618110525,'Accord Salud'),(39748990,618141541,'Accord Salud'),(35634765,618164487,'IOMA'),(41812951,618171159,'Swiss'),(46745757,618172796,'Accord Salud'),(35217358,618187451,'Swiss'),(44301395,618187771,'Galeno'),(45179403,618189165,'OSDE'),(40413638,618203189,'Swiss'),(41835294,618212396,'Swiss'),(38113678,618243973,'Swiss'),(42557290,618264836,'Medife'),(43692758,618277627,'IOMA'),(42266935,618300188,'OSDE'),(38069681,618318587,'Swiss'),(44812595,618324394,'Medife'),(40325306,618364443,'OSDE'),(42487292,618374827,'IOMA'),(36812686,618375706,'Medicus'),(31341416,618376016,'Medicus'),(42408823,618379712,'Accord Salud'),(35508446,618409791,'Swiss'),(39803604,618419776,'Galeno'),(46164203,618424790,'Swiss'),(31172983,618432328,'Medife'),(41387460,618435653,'OSDE'),(45323849,618439980,'OSDE'),(35491120,618450771,'OSDE'),(44669043,618484653,'OSDE'),(36025183,618493504,'Accord Salud'),(35325888,618507871,'Medicus'),(46177462,618531851,'IOMA'),(32289685,618538893,'IOMA'),(43611206,618552353,'Medicus'),(30550827,618564153,'IOMA'),(34307429,618581535,'Accord Salud'),(45151580,618590516,'Medife'),(44210818,618619330,'Swiss'),(39966005,618622334,'Swiss'),(45098716,618633596,'OSDE'),(39365360,618655077,'Medicus'),(33891902,618693131,'Swiss'),(33186927,618693218,'IOMA'),(33745221,618693667,'Swiss'),(34656223,618698583,'Medicus'),(40620876,618699792,'OSDE'),(44589006,618704048,'OSDE'),(30426538,618711466,'IOMA'),(42372310,618728619,'OSDE'),(47775684,618783724,'Medicus'),(34202731,618785344,'IOMA'),(45501685,618789488,'Swiss'),(30543782,618798189,'Medife'),(34423774,618799472,'Medicus'),(34261520,618805935,'Accord Salud'),(46327950,618822315,'Medicus'),(40485192,618825535,'OSDE'),(30054880,618842538,'Accord Salud'),(46521791,618844852,'Accord Salud'),(37489265,618850383,'Accord Salud'),(44080006,618855247,'OSDE'),(41452763,618858195,'Accord Salud'),(39841103,618861210,'Accord Salud'),(41026437,618864670,'Galeno'),(46412191,618873430,'Accord Salud'),(42370075,618878011,'Medicus'),(44947887,618882150,'Galeno'),(42131374,618905326,'OSDE'),(34668177,618911752,'Galeno'),(39518942,618917462,'Medicus'),(35836096,618921182,'Galeno'),(40113732,618939237,'Medife'),(33031215,618953882,'Accord Salud'),(42188620,618954097,'Medife'),(45919560,618986564,'Swiss'),(37773720,618993859,'Medife'),(35225596,619017025,'Accord Salud'),(35401444,619029701,'IOMA'),(38977849,619049820,'Galeno'),(45017515,619080569,'Galeno'),(33990546,619083019,'OSDE'),(44681766,619113816,'Medife'),(46111917,619139713,'IOMA'),(45794757,619160506,'Medicus'),(30044207,619176877,'Medicus'),(40591223,619197680,'Accord Salud'),(47265573,619224765,'Medife'),(36107011,619242832,'OSDE'),(36792690,619246283,'Galeno'),(44646087,619261194,'Galeno'),(43863950,619261618,'Accord Salud'),(39588737,619321500,'Galeno'),(39796731,619327619,'Accord Salud'),(36593612,619330717,'Medicus'),(31951230,619341929,'Accord Salud'),(46799401,619348227,'Medicus'),(44579004,619350213,'OSDE'),(39128292,619350760,'Accord Salud'),(34431091,619354822,'IOMA'),(44938154,619355384,'Swiss'),(46809189,619373434,'Medife'),(42472271,619381930,'Medife'),(33010602,619384347,'Medicus'),(46017127,619386253,'Accord Salud'),(38095346,619395886,'Accord Salud'),(46050891,619398916,'Galeno'),(30637633,619400444,'Medicus'),(37710302,619412553,'Medife'),(42861892,619429343,'OSDE'),(39625895,619430811,'Swiss'),(39117646,619449246,'Galeno'),(45246572,619451147,'Galeno'),(39276849,619468007,'Medicus'),(44224775,619476420,'OSDE'),(42129787,619500586,'OSDE'),(30329791,619605098,'Medife'),(37511910,619617241,'Swiss'),(44338047,619639183,'Medicus'),(35105604,619640057,'Galeno'),(43327140,619640210,'Swiss'),(44325582,619647991,'Accord Salud'),(30846329,619649416,'Medife'),(39472261,619656182,'Medicus'),(33032370,619696958,'Medicus'),(32533649,619720254,'Accord Salud'),(45711092,619726216,'Medife'),(30201490,619765456,'Swiss'),(31548168,619765724,'OSDE'),(32168517,619782283,'OSDE'),(31579445,619806497,'Medife'),(30920206,619819920,'Swiss'),(41988316,619855064,'Swiss'),(42595988,619855939,'OSDE'),(31705200,619862191,'IOMA'),(36771085,619881839,'Galeno'),(31191150,619927375,'Swiss'),(43429217,619939946,'Medicus'),(47911890,619940429,'Accord Salud'),(32720593,619950245,'IOMA'),(36978809,619962299,'IOMA'),(36118988,619977338,'Medife'),(37563996,619987821,'Accord Salud'),(34609479,619990112,'Swiss'),(37049159,619999217,'Swiss');
/*!40000 ALTER TABLE `obrasocial` ENABLE KEYS */;
UNLOCK TABLES;

--
-- Table structure for table `paciente_cama`
--

DROP TABLE IF EXISTS `paciente_cama`;
/*!40101 SET @saved_cs_client     = @@character_set_client */;
/*!50503 SET character_set_client = utf8mb4 */;
CREATE TABLE `paciente_cama` (
  `Internado_Personas_DNI` int unsigned NOT NULL,
  `Camas_NroCama` int unsigned NOT NULL,
  KEY `fk_Paciente_Cama_PacienteInternado1_idx` (`Internado_Personas_DNI`),
  KEY `fk_Paciente_Cama_Camas1_idx` (`Camas_NroCama`),
  CONSTRAINT `fk_Paciente_Cama_Camas1` FOREIGN KEY (`Camas_NroCama`) REFERENCES `camas` (`NroCama`),
  CONSTRAINT `fk_Paciente_Cama_PacienteInternado1` FOREIGN KEY (`Internado_Personas_DNI`) REFERENCES `pacienteinternado` (`Internado_Personas_DNI`)
) ENGINE=InnoDB DEFAULT CHARSET=utf8;
/*!40101 SET character_set_client = @saved_cs_client */;

--
-- Dumping data for table `paciente_cama`
--

LOCK TABLES `paciente_cama` WRITE;
/*!40000 ALTER TABLE `paciente_cama` DISABLE KEYS */;
/*!40000 ALTER TABLE `paciente_cama` ENABLE KEYS */;
UNLOCK TABLES;

--
-- Table structure for table `paciente_hospital`
--

DROP TABLE IF EXISTS `paciente_hospital`;
/*!40101 SET @saved_cs_client     = @@character_set_client */;
/*!50503 SET character_set_client = utf8mb4 */;
CREATE TABLE `paciente_hospital` (
  `Internado_Personas_DNI` int unsigned NOT NULL,
  `Hospital_NroHospital` int unsigned NOT NULL,
  KEY `fk_Paciente_Hospital_PacienteInternado1_idx` (`Internado_Personas_DNI`),
  KEY `fk_Paciente_Hospital_Hospital1_idx` (`Hospital_NroHospital`),
  CONSTRAINT `fk_Paciente_Hospital_Hospital1` FOREIGN KEY (`Hospital_NroHospital`) REFERENCES `hospital` (`NroHospital`),
  CONSTRAINT `fk_Paciente_Hospital_PacienteInternado1` FOREIGN KEY (`Internado_Personas_DNI`) REFERENCES `pacienteinternado` (`Internado_Personas_DNI`)
) ENGINE=InnoDB DEFAULT CHARSET=utf8;
/*!40101 SET character_set_client = @saved_cs_client */;

--
-- Dumping data for table `paciente_hospital`
--

LOCK TABLES `paciente_hospital` WRITE;
/*!40000 ALTER TABLE `paciente_hospital` DISABLE KEYS */;
/*!40000 ALTER TABLE `paciente_hospital` ENABLE KEYS */;
UNLOCK TABLES;

--
-- Table structure for table `pacientedomicilio`
--

DROP TABLE IF EXISTS `pacientedomicilio`;
/*!40101 SET @saved_cs_client     = @@character_set_client */;
/*!50503 SET character_set_client = utf8mb4 */;
CREATE TABLE `pacientedomicilio` (
  `Domicilio_Personas_DNI` int unsigned NOT NULL,
  `Direccion` varchar(65) NOT NULL,
  `Tipo` varchar(45) NOT NULL,
  PRIMARY KEY (`Domicilio_Personas_DNI`),
  KEY `fk_PacienteDomicilio_Pacientes1_idx` (`Domicilio_Personas_DNI`),
  CONSTRAINT `fk_PacienteDomicilio_Pacientes1` FOREIGN KEY (`Domicilio_Personas_DNI`) REFERENCES `pacientes` (`Personas_DNI`)
) ENGINE=InnoDB DEFAULT CHARSET=utf8;
/*!40101 SET character_set_client = @saved_cs_client */;

--
-- Dumping data for table `pacientedomicilio`
--

LOCK TABLES `pacientedomicilio` WRITE;
/*!40000 ALTER TABLE `pacientedomicilio` DISABLE KEYS */;
/*!40000 ALTER TABLE `pacientedomicilio` ENABLE KEYS */;
UNLOCK TABLES;

--
-- Table structure for table `pacienteinternado`
--

DROP TABLE IF EXISTS `pacienteinternado`;
/*!40101 SET @saved_cs_client     = @@character_set_client */;
/*!50503 SET character_set_client = utf8mb4 */;
CREATE TABLE `pacienteinternado` (
  `Internado_Personas_DNI` int unsigned NOT NULL,
  `EstadoEvolutivo` varchar(45) DEFAULT NULL,
  `CheckOut` varchar(45) DEFAULT NULL,
  `FH_Salida` datetime DEFAULT NULL,
  PRIMARY KEY (`Internado_Personas_DNI`),
  KEY `fk_PacienteInternado_Pacientes1_idx` (`Internado_Personas_DNI`) /*!80000 INVISIBLE */,
  CONSTRAINT `fk_PacienteInternado_Pacientes1` FOREIGN KEY (`Internado_Personas_DNI`) REFERENCES `pacientes` (`Personas_DNI`)
) ENGINE=InnoDB DEFAULT CHARSET=utf8;
/*!40101 SET character_set_client = @saved_cs_client */;

--
-- Dumping data for table `pacienteinternado`
--

LOCK TABLES `pacienteinternado` WRITE;
/*!40000 ALTER TABLE `pacienteinternado` DISABLE KEYS */;
/*!40000 ALTER TABLE `pacienteinternado` ENABLE KEYS */;
UNLOCK TABLES;

--
-- Table structure for table `pacientes`
--

DROP TABLE IF EXISTS `pacientes`;
/*!40101 SET @saved_cs_client     = @@character_set_client */;
/*!50503 SET character_set_client = utf8mb4 */;
CREATE TABLE `pacientes` (
  `Personas_DNI` int unsigned NOT NULL,
  `Triage` varchar(45) NOT NULL,
  `Dia_de_Ingreso` date NOT NULL,
  PRIMARY KEY (`Personas_DNI`),
  UNIQUE KEY `Personas_DNI_UNIQUE` (`Personas_DNI`),
  KEY `fk_Pacientes_Personas1_idx` (`Personas_DNI`),
  CONSTRAINT `fk_Pacientes_Personas1` FOREIGN KEY (`Personas_DNI`) REFERENCES `personas` (`DNI`)
) ENGINE=InnoDB DEFAULT CHARSET=utf8;
/*!40101 SET character_set_client = @saved_cs_client */;

--
-- Dumping data for table `pacientes`
--

LOCK TABLES `pacientes` WRITE;
/*!40000 ALTER TABLE `pacientes` DISABLE KEYS */;
/*!40000 ALTER TABLE `pacientes` ENABLE KEYS */;
UNLOCK TABLES;

--
-- Table structure for table `personalmedico`
--

DROP TABLE IF EXISTS `personalmedico`;
/*!40101 SET @saved_cs_client     = @@character_set_client */;
/*!50503 SET character_set_client = utf8mb4 */;
CREATE TABLE `personalmedico` (
  `Empleados_Personas_DNI` int unsigned NOT NULL,
  `Especialidad` varchar(45) DEFAULT NULL,
  PRIMARY KEY (`Empleados_Personas_DNI`),
  KEY `fk_PersonalMedico_Empleados1_idx` (`Empleados_Personas_DNI`),
  CONSTRAINT `fk_PersonalMedico_Empleados1` FOREIGN KEY (`Empleados_Personas_DNI`) REFERENCES `empleados` (`Personas_DNI`)
) ENGINE=InnoDB DEFAULT CHARSET=utf8;
/*!40101 SET character_set_client = @saved_cs_client */;

--
-- Dumping data for table `personalmedico`
--

LOCK TABLES `personalmedico` WRITE;
/*!40000 ALTER TABLE `personalmedico` DISABLE KEYS */;
/*!40000 ALTER TABLE `personalmedico` ENABLE KEYS */;
UNLOCK TABLES;

--
-- Table structure for table `personas`
--

DROP TABLE IF EXISTS `personas`;
/*!40101 SET @saved_cs_client     = @@character_set_client */;
/*!50503 SET character_set_client = utf8mb4 */;
CREATE TABLE `personas` (
  `DNI` int unsigned NOT NULL,
  `Nombre` varchar(45) NOT NULL,
  `Apellido` varchar(45) NOT NULL,
  `Sexo` varchar(45) NOT NULL,
  `TelParticular` varchar(45) DEFAULT NULL,
  `Domicilio` varchar(45) DEFAULT NULL,
  `Persona_de_contacto` varchar(45) NOT NULL,
  PRIMARY KEY (`DNI`),
  UNIQUE KEY `DNI_UNIQUE` (`DNI`)
) ENGINE=InnoDB DEFAULT CHARSET=utf8;
/*!40101 SET character_set_client = @saved_cs_client */;

--
-- Dumping data for table `personas`
--

LOCK TABLES `personas` WRITE;
/*!40000 ALTER TABLE `personas` DISABLE KEYS */;
INSERT INTO `personas` VALUES (30029024,'Hildegard','Tremblay','F','1137253907','Nyasia Port','1156566336'),(30044207,'Vicente','Welch','M','1122189241','Daugherty Mill','1109510677'),(30045867,'Alisha','Welch','M','1101105748','White Street','1122705390'),(30049155,'Ulices','Connelly','F','1138289670','Trent Terrace','1142416497'),(30051110,'Isabell','Schoen','F','1118334536','Nader Street','1134868537'),(30054880,'Adelbert','Nikolaus','M','1172681339','Jamil Ranch','1153745336'),(30070829,'Marietta','Ebert','F','1105261257','Wiza Turnpike','1146575385'),(30074047,'Ransom','Strosin','M','1147343318','Ondricka Square','1135658632'),(30150329,'Judson','Homenick','F','1124548350','Geovany Corner','1122273581'),(30188249,'Jameson','Rodriguez','F','1140869825','Lebsack Plains','1100718588'),(30190968,'Era','Dare','F','1126979680','Mina Islands','1131697838'),(30201490,'Giuseppe','Rippin','M','1121731846','Greenholt Fords','1113717758'),(30202772,'Jonathan','Daniel','F','1168165579','Quitzon Branch','1144283666'),(30262290,'Sonya','Farrell','F','1182260126','Nitzsche Mission','1103421999'),(30329791,'Nick','Nolan','F','1115137743','Heaney Village','1118759966'),(30331055,'Sage','Shanahan','M','1181537476','Sean Ferry','1189432788'),(30354562,'Marilie','Haag','F','1151821289','Homenick Canyon','1157689334'),(30356860,'Eve','Runte','M','1167874528','Tromp Springs','1102604026'),(30426538,'Johnathon','Homenick','M','1142135041','Wuckert Spurs','1197634048'),(30433377,'Rosie','Effertz','M','1110983492','Keaton Field','1185332668'),(30485971,'Rusty','Kutch','F','1136038896','Nicholas Ports','1193135688'),(30528019,'Madison','Ziemann','M','1125918381','Nils Branch','1146746466'),(30529608,'Richmond','Goodwin','M','1144810539','Beahan Forges','1144065955'),(30543782,'Bradley','Hane','M','1192763148','Stone Keys','1193042647'),(30547550,'Bertram','Rath','F','1157033512','Kulas Skyway','1151264813'),(30550827,'Ole','McDermott','F','1153948593','Lucile Parkway','1173983365'),(30561665,'Akeem','Champlin','M','1159204999','Johnston Shoals','1132885082'),(30584089,'Loma','Quigley','F','1122938039','Sherwood Summit','1139348941'),(30599176,'Buddy','Koss','M','1137655439','Mable Views','1145736078'),(30637633,'Dianna','Block','F','1172668262','Teagan Mill','1163476211'),(30660635,'Alycia','Dickens','F','1160220555','Stanton Divide','1160495567'),(30694733,'Julia','Haley','F','1128450851','Hessel Mount','1111596567'),(30720323,'Sylvan','Halvorson','F','1186779113','Gibson Point','1121032072'),(30735245,'Vladimir','Considine','F','1181132924','Kuvalis Road','1119642770'),(30753778,'Darren','Ziemann','F','1153348047','Barton Lodge','1161259077'),(30789484,'Jerrold','Lynch','M','1193834810','Diego Place','1163903090'),(30805557,'Jamal','Mertz','M','1136473657','Jamil Springs','1190659610'),(30821609,'Kory','West','M','1183924905','Mills Stream','1151310448'),(30846329,'Seth','Kunde','M','1110450890','Borer Lock','1180791582'),(30908012,'Melissa','Senger','M','1197519101','Bulah Ridges','1158958739'),(30920206,'Jessika','Medhurst','M','1166465610','Lucie Station','1107277029'),(30967128,'Joyce','O\'Kon','F','1159186234','Heller Creek','1131886676'),(31005077,'Laisha','Cartwright','M','1195809870','Mervin Harbor','1195022720'),(31020071,'Daniella','Mills','M','1151126774','Joany Walks','1197302369'),(31035155,'Lauriane','Halvorson','M','1174386702','Wilson Valley','1115634017'),(31037665,'Paul','Farrell','M','1147107726','Heller Street','1145550520'),(31054355,'Shaylee','Krajcik','M','1111035937','Marjory Garden','1100997311'),(31091551,'Trisha','Eichmann','M','1192069320','Bartell Views','1114982468'),(31135929,'Jensen','Luettgen','F','1102569344','Turcotte Expressway','1188034129'),(31172983,'Charlotte','Runte','M','1190419561','Konopelski Lodge','1143277452'),(31190233,'Keegan','Turner','F','1172402622','Payton Gardens','1173418568'),(31191150,'Genesis','Schultz','F','1148972560','Erwin Mount','1150377748'),(31205335,'Joe','Fritsch','F','1124241364','Sigmund Club','1198818367'),(31208078,'Macey','Olson','F','1153172182','Travis Trace','1111387179'),(31240159,'Trycia','Jaskolski','M','1149085835','Columbus Circle','1170996388'),(31243906,'Filomena','Lemke','F','1103062324','Brenden Keys','1188644562'),(31341416,'Germaine','Morissette','F','1126942220','Catharine Hill','1151550912'),(31416041,'Pedro','Krajcik','F','1154061380','Ferry Fort','1183997851'),(31444779,'Lowell','Runte','M','1190596005','Lexus Village','1184422118'),(31474750,'Dwight','Hilll','M','1179219501','Prosacco View','1174243400'),(31491839,'Sallie','Gaylord','F','1163398608','Ernser Place','1103138402'),(31517225,'Daphne','Quigley','M','1126606876','Pollich Wells','1197066873'),(31520685,'Jaime','Emmerich','F','1117719280','Hassan Springs','1109997446'),(31546634,'Pablo','Schoen','M','1179998260','Gibson Canyon','1189632085'),(31548168,'Ole','Goldner','F','1111896255','Karianne Walks','1170175926'),(31554965,'Cindy','Hoppe','F','1156957895','Macejkovic Highway','1191587545'),(31567991,'Astrid','Pouros','F','1184992296','Deckow Shores','1151193913'),(31572415,'Sigmund','Ernser','F','1171277534','Kuphal Union','1193767094'),(31579445,'Micheal','Kuvalis','M','1118399546','Brian Wells','1133808940'),(31650376,'Sigurd','Lindgren','M','1140161884','Keara Ridge','1155857469'),(31680907,'Kaley','Murphy','M','1157823670','Alberto Lock','1173085562'),(31681966,'Gregorio','Schamberger','M','1194415126','Kelley Dam','1172408428'),(31702924,'Amira','Lowe','M','1174945467','Jacobson Trail','1101432703'),(31705200,'Toni','Aufderhar','F','1196958625','Rutherford Summit','1180718840'),(31772619,'Bianka','Welch','F','1124535887','Merritt Mission','1170045477'),(31774048,'Suzanne','Roob','M','1151958121','Bertha Coves','1126118825'),(31804021,'Trisha','Stracke','M','1107802111','Nitzsche Locks','1172428627'),(31827723,'Alessandra','West','F','1187352688','Hammes Circles','1169336193'),(31850723,'Brandt','Schoen','M','1117895413','Kaylin Hill','1113479134'),(31857195,'Ariane','Kohler','F','1159369610','Loren Burg','1101565303'),(31876267,'Ransom','Weissnat','M','1134997400','Jammie Park','1115908506'),(31879772,'Gloria','Hilpert','F','1178959524','Antwan Divide','1137203503'),(31888191,'Coy','Shields','M','1130177678','Lemuel Via','1178440041'),(31895358,'Lupe','Muller','F','1134274725','Reynolds Flat','1153065296'),(31951230,'Griffin','Bernier','M','1148116870','Gail Loop','1185854255'),(31953208,'Major','Corwin','F','1115515770','Lowe Garden','1189239910'),(31965210,'Alessandra','Greenholt','F','1109612366','McCullough Island','1146660686'),(31988287,'Selina','Haag','F','1159135729','Jayce Parkways','1192950159'),(32094780,'Jon','Satterfield','F','1187417470','Pacocha Junction','1156250075'),(32131049,'Aurore','Marquardt','F','1143655467','Leannon Square','1182331449'),(32132620,'Celestine','Schaden','M','1154725100','Jeremy Heights','1147848382'),(32159467,'Brett','Gutmann','F','1106136766','Rupert Stravenue','1149664575'),(32168517,'Sabrina','Vandervort','F','1156707028','Clarissa Trail','1148651710'),(32179783,'Gillian','Graham','F','1107744597','Cormier Springs','1160542916'),(32179927,'Rene','Langosh','M','1114936452','Ulices Prairie','1151231527'),(32262133,'Nils','Torp','F','1198251850','Leilani Meadows','1161559187'),(32275066,'Garry','Ortiz','M','1116017312','Spencer Valley','1155902896'),(32289685,'Wallace','Lubowitz','M','1151067019','Effertz Shores','1133002253'),(32305890,'Judge','Schaden','M','1182033465','Hellen Shores','1121357245'),(32343388,'Arlo','Walker','M','1139498476','Madelyn Centers','1149047760'),(32408673,'Fausto','Schneider','F','1121744157','Renee Stream','1180241211'),(32409615,'Leatha','Bergnaum','F','1121120798','Ashley Radial','1112390310'),(32437422,'Kaitlin','Erdman','F','1125028211','Hickle Flat','1188175521'),(32450509,'Shaina','Crist','M','1162233885','Tyrese Mill','1178537502'),(32461335,'Ericka','Dickinson','M','1148731574','Nicklaus Trail','1102815778'),(32517718,'Trace','Gleichner','M','1156174114','Erwin Ridges','1157408447'),(32533649,'Anya','Mraz','F','1173953000','Huels Manor','1135449152'),(32641683,'Wyatt','Lehner','F','1176048569','Della Knolls','1105853651'),(32668522,'Jaylin','Feil','F','1195274602','Dooley Plaza','1121783600'),(32684234,'Ada','Langworth','M','1193665289','McGlynn Lodge','1126945419'),(32709292,'Karson','Corkery','F','1101521798','Hane Point','1159330995'),(32720593,'Samir','Heathcote','F','1163118535','Elvie Manor','1174290463'),(32727050,'Bert','Raynor','M','1154714101','Homenick Avenue','1161305462'),(32810074,'Kristoffer','Medhurst','M','1195609431','Leonor Route','1109009155'),(32822396,'Blake','Auer','F','1198510236','Gust Shoals','1117109859'),(32828431,'Kailee','Frami','F','1100356537','Jalyn Mountain','1155058767'),(32848377,'Kale','Gutmann','M','1192493989','Grant Ford','1113055823'),(32857049,'Bradford','Labadie','F','1100110297','Ferry Locks','1124228967'),(32861556,'Kyler','Johns','F','1121867887','Amiya Field','1167059755'),(32867691,'Burdette','Larkin','M','1108818591','Buckridge Isle','1103668611'),(32906672,'Kaitlin','Treutel','F','1109653158','Watsica Ports','1120514735'),(32908798,'Jodie','Marvin','F','1147792090','Boris Pine','1192717932'),(32911468,'Rogers','Grady','F','1112146960','Riley Pass','1130129679'),(32923300,'Clemmie','Fisher','M','1113949839','Luther Extensions','1125776245'),(32932026,'Eliseo','Rice','F','1170379364','Lilly Ford','1126897011'),(32935813,'Emerald','Mills','F','1102850422','Champlin Extensions','1164966467'),(32949419,'Ruben','O\'Kon','F','1140334115','Dorcas Forge','1103001233'),(32954398,'Fredy','Littel','F','1168053523','Roob Square','1130717747'),(32988053,'Afton','Stokes','M','1188704363','Spencer Fort','1116924598'),(33010602,'Jarrett','Blick','M','1139762175','Kallie Land','1183307648'),(33018976,'Concepcion','Oberbrunner','M','1128486460','Brekke Falls','1174756840'),(33030314,'Garrick','Harber','F','1135920885','Waters Branch','1197474166'),(33031215,'Mariane','Hane','M','1146100945','Retha Lights','1160669554'),(33032370,'Verner','Purdy','F','1118586806','Kiley Mission','1153985622'),(33042707,'Jodie','Kulas','M','1119103249','Ezequiel Stream','1185569461'),(33055568,'Velva','Johnson','M','1113229572','McDermott Village','1194367586'),(33104086,'Lucius','Dietrich','F','1112334444','Prosacco Turnpike','1136406996'),(33127165,'Emilio','Stokes','M','1144766582','Rosemarie Shoals','1122411300'),(33128154,'Newton','Champlin','F','1136266017','Haylee Crescent','1198939890'),(33144031,'Luther','Carter','M','1110916955','Haag Parks','1185363929'),(33147801,'Dee','Hand','F','1166336518','Willms Park','1140714501'),(33163248,'Jessyca','Raynor','F','1103838419','Yost Trail','1130318215'),(33183834,'Wilfrid','Veum','F','1154532351','Luettgen Plains','1102126760'),(33186927,'Tanner','Crooks','M','1139952170','Senger Islands','1170551970'),(33189504,'Hadley','Bode','M','1164593616','Gerlach Burgs','1189145439'),(33200672,'Nolan','Swift','F','1175839177','Renner Harbors','1157820423'),(33223744,'Stanton','Reichel','F','1122397710','Pfannerstill Route','1196929719'),(33230650,'Keeley','Pollich','F','1191875616','Hansen Expressway','1191551878'),(33230858,'Alexandrine','Grady','F','1166517384','Huels Mount','1172587380'),(33232446,'Marta','O\'Kon','F','1137638982','Homenick Skyway','1115217957'),(33237644,'Osbaldo','Kuhic','F','1159745380','Alejandrin Spurs','1182964853'),(33273657,'Amir','Breitenberg','F','1138937989','Daugherty Isle','1195916112'),(33295112,'Rossie','Kautzer','F','1163576020','Hanna Brooks','1154888587'),(33298319,'Riley','McKenzie','F','1152682404','Rippin Canyon','1129661610'),(33305909,'Elmore','Lesch','M','1144266538','Morissette Hills','1177187128'),(33428950,'Mohammad','Armstrong','F','1168305159','Arlo Glen','1153791556'),(33446723,'Shana','Satterfield','M','1162680072','Jacobson Walk','1140998201'),(33530899,'Lenore','Cremin','M','1177125117','Electa Views','1114735585'),(33560911,'Jaren','Hermiston','F','1104271438','Imelda Light','1104542969'),(33597495,'Marguerite','Conn','M','1124811135','Wilfred Brooks','1162156462'),(33599250,'Shanel','Hyatt','M','1103900287','Walter Port','1197139274'),(33618412,'Isaiah','Terry','F','1119819030','Mohr Flats','1189548174'),(33625601,'Esmeralda','Heller','F','1128326233','Dicki Light','1197922498'),(33700173,'Selmer','Rippin','F','1157976561','Lind Ramp','1193658227'),(33740352,'Julio','Casper','F','1114060752','Joany Mountains','1139096078'),(33743577,'Tevin','Casper','F','1142442471','Smith Ridge','1167642265'),(33745221,'Kadin','Stanton','F','1143035015','Candido Plains','1174494462'),(33776876,'Leonardo','Wisozk','F','1134809464','Kenya Causeway','1133621389'),(33797272,'Alfredo','Yost','F','1116126595','Mante Key','1177037394'),(33804083,'Emerald','Effertz','F','1128358080','Terrell Mill','1118265929'),(33811041,'Kasey','Gleason','M','1109778569','Susanna Loaf','1148803195'),(33824625,'Britney','Hintz','M','1107084346','Zulauf Isle','1101393247'),(33842683,'Joanne','Blanda','M','1189131194','Gunnar Park','1141694910'),(33869545,'Shania','Conn','F','1176413481','Corkery Grove','1110825145'),(33881256,'Mandy','Gulgowski','M','1198585932','Gaylord Freeway','1100900517'),(33891902,'Myrtle','Waelchi','M','1131445421','Beier Loaf','1142355104'),(33937336,'Alexie','Dicki','F','1148053047','Lempi Ports','1189784154'),(33958720,'Julien','Schowalter','M','1110995510','Juliana Streets','1100462016'),(33982870,'Jayson','Kuhlman','F','1106706910','Glover Bridge','1144716059'),(33990546,'Gunner','Hirthe','F','1108878024','Briana Turnpike','1137583537'),(34033323,'Bell','Upton','M','1182286289','Jacobi Shoal','1196119254'),(34055364,'Aubrey','Herzog','F','1171261634','Nicola Street','1154561313'),(34066400,'Adolfo','Kerluke','M','1128415006','Ambrose Shore','1161618986'),(34090016,'Tomasa','Farrell','F','1168862484','Jade Shoals','1132991728'),(34093375,'Aracely','Barrows','F','1141539040','Elliott Forge','1111087925'),(34130369,'Merlin','Lowe','M','1181127686','Hailee Summit','1112575457'),(34137091,'Deangelo','Goldner','F','1170471409','Streich Islands','1156737603'),(34139577,'Dora','Rodriguez','F','1143609414','Franecki Shore','1187275038'),(34144138,'Destinee','Senger','M','1185333857','Maryjane Wall','1149780384'),(34194342,'Andy','Hermann','F','1141720013','Casandra Prairie','1148930424'),(34202731,'Sadye','Hills','F','1199564952','Turcotte Overpass','1143975001'),(34234155,'Catalina','Hagenes','M','1113768240','Kautzer Shores','1108428930'),(34249867,'Lucio','Kutch','M','1144648943','Mireya Course','1149726656'),(34261520,'Sally','Little','F','1192900766','Welch Pike','1120423501'),(34307429,'Kobe','Keeling','M','1123815515','Bradtke Lights','1146224266'),(34316793,'Van','Monahan','F','1138651048','Heaney Ramp','1113285315'),(34365726,'Eliseo','Keebler','M','1189602807','Keven Square','1136930411'),(34367925,'Isaias','Keeling','F','1198423219','Pearline Brook','1190488869'),(34398222,'Octavia','Weissnat','M','1145677994','Moses Hollow','1135268947'),(34423774,'Oren','Rau','M','1159860130','Logan Avenue','1139100038'),(34431091,'Verdie','Hartmann','M','1159786043','Wintheiser Garden','1114085708'),(34449825,'Cyrus','Rippin','F','1161986373','Katlyn Creek','1164811525'),(34462110,'Otho','Feil','M','1149407475','Collins Neck','1133004288'),(34514980,'Corene','Veum','M','1159692770','Reynold Forge','1157328897'),(34515031,'Milton','Powlowski','M','1111285311','Leo Wells','1181181605'),(34541291,'Hildegard','Bode','M','1186893811','Harvey Mountain','1168969361'),(34542667,'Melisa','Bernier','M','1156688877','Bahringer Knoll','1156887264'),(34547161,'Kailee','Connelly','F','1136870155','Mayer Orchard','1181716509'),(34555018,'Cleo','Kutch','M','1123623772','Theresa Islands','1137885921'),(34556029,'Stuart','Jones','F','1185337863','McDermott Via','1116313607'),(34591490,'Rebeka','Kling','F','1130632604','Domenica Junctions','1140194249'),(34605014,'Duncan','Johns','M','1140675784','Rempel Union','1184904812'),(34609479,'Shaylee','Lind','M','1193859256','King Station','1184678410'),(34656223,'Obie','Kling','F','1185981685','Schneider Parkway','1116929567'),(34668177,'D\'angelo','Corkery','F','1102157066','Cummings Dam','1153944621'),(34671696,'Kattie','Ferry','M','1184270126','Ullrich Motorway','1172920325'),(34676506,'Jolie','Hessel','F','1194744239','Ruthie Shoal','1151189458'),(34685847,'Sasha','Durgan','F','1146426761','Mante Spur','1119212732'),(34692298,'Maymie','Volkman','F','1178184026','Towne Extension','1143838594'),(34747567,'Gregory','Ratke','F','1143385483','Alyce Center','1163000370'),(34780854,'Adelbert','Volkman','F','1142158031','Dibbert Station','1131315607'),(34806897,'Mozell','Schaefer','M','1120184778','Nakia Estate','1169115439'),(34881499,'Ally','West','F','1185019604','Reichert Glens','1131998513'),(34885057,'Leslie','O\'Conner','M','1166506948','Graham Glen','1152958058'),(34903718,'Emilia','Cummerata','F','1194226842','Luna Villages','1136211856'),(34932178,'Kiara','Gorczany','F','1156883342','Mallie Springs','1132575467'),(34950278,'Luigi','Larson','F','1111225744','Flatley Heights','1191322824'),(35005206,'Ahmad','Hackett','F','1119986702','Monahan Forks','1115456215'),(35030332,'Marcel','Predovic','M','1133953403','Kohler Shoal','1149799359'),(35052203,'Coy','Blick','F','1189351861','Howell Crest','1134357803'),(35094196,'Keaton','Ward','F','1119640700','Kacey Track','1125104513'),(35099656,'Jamal','Jerde','M','1162897384','Murray Crossing','1133499857'),(35100649,'Fabiola','Dooley','F','1156978993','McGlynn Mill','1168651821'),(35105604,'Faye','McClure','M','1160958592','Weimann Junction','1167472412'),(35138494,'Alysa','Turcotte','F','1126559022','Sanford Brook','1140020237'),(35152245,'Lucius','Cremin','M','1137002244','Allene Expressway','1169681704'),(35171257,'Demetris','Kirlin','F','1150867813','Rocio Avenue','1172855757'),(35174523,'Nathanial','Schuppe','F','1134695618','Altenwerth Lake','1179106153'),(35200145,'Francisco','Senger','M','1187137862','Johnston Courts','1155621736'),(35209321,'Novella','Koss','M','1121151097','Tyra Mews','1181349125'),(35217358,'Jannie','Bogisich','F','1107446132','Larry Parkways','1145762761'),(35225596,'Rossie','Swaniawski','M','1103349272','Connie Camp','1175793528'),(35248121,'Antoinette','Kessler','M','1154714551','Drew Lights','1150655823'),(35262597,'Timmy','Gibson','M','1138437265','Durgan Creek','1100237859'),(35301330,'Joanie','Reynolds','M','1178261946','Parisian Common','1152844463'),(35325888,'Brielle','Kassulke','M','1122475070','Leffler Bridge','1174236959'),(35380350,'Frederic','Hermiston','M','1107805097','Edyth Lights','1179277008'),(35401444,'Walton','Ankunding','M','1143846600','Lebsack Isle','1140097292'),(35414316,'Corene','DuBuque','F','1121969703','Ida Village','1124349891'),(35432119,'Queen','Leannon','M','1167575753','Flossie Bridge','1182992501'),(35443141,'Aurore','Jenkins','F','1143057192','Hagenes Trail','1116992882'),(35460300,'Bettie','O\'Connell','F','1163214716','Kirlin Village','1110353246'),(35475015,'Millie','O\'Reilly','F','1189715565','Zena Estate','1152310283'),(35476157,'Brittany','Hickle','F','1189969043','Clotilde Underpass','1191872024'),(35491120,'Nikita','Leffler','F','1107585294','Clare Valley','1164877309'),(35508446,'Darion','Nicolas','M','1190794520','Gabrielle Ford','1163644288'),(35547058,'Loyal','Huels','F','1190955553','Bartoletti Lock','1118223284'),(35566444,'Yadira','Cruickshank','F','1146216100','Wallace Bypass','1165363350'),(35578706,'Barton','Dare','M','1176219180','Bailey Islands','1103751992'),(35634765,'Carmel','Langworth','M','1165857567','Nannie Parkway','1171048707'),(35641472,'Gretchen','Pouros','M','1146631821','Tre Union','1132402975'),(35663540,'Ramona','Casper','F','1189528547','Hartmann Fields','1162305033'),(35671624,'Jayson','Olson','F','1170219979','Ophelia Drives','1171042305'),(35676905,'Maudie','Runolfsdottir','F','1196340219','Turner Knolls','1135591070'),(35681049,'Gregoria','O\'Reilly','F','1113504700','Cara Flats','1156811315'),(35705948,'Verona','Mante','M','1117128759','Cormier Points','1182026625'),(35718217,'Torrance','Farrell','F','1103521395','Fabiola Shoals','1129077675'),(35724351,'Jewell','Aufderhar','M','1104970843','Emmerich Viaduct','1114704536'),(35781368,'Rachelle','O\'Reilly','F','1105072338','Tre Plains','1127871922'),(35794186,'Osvaldo','Mueller','M','1164693341','Stephen Hollow','1138431999'),(35836096,'Narciso','Grady','F','1103834143','Reichert Villages','1132093578'),(35841051,'Kailey','Larkin','F','1120605752','Natalia Forks','1122219905'),(35877402,'Aleen','Tremblay','M','1137363299','Luella Springs','1134503041'),(35890550,'Reanna','Parisian','F','1138602909','Skiles Bridge','1198141518'),(35908666,'Antonetta','Olson','F','1105744209','Monserrate Lakes','1122016458'),(35963745,'Georgette','Heller','F','1167919214','Purdy Road','1103188021'),(35980484,'Lane','Prosacco','F','1193342615','Rozella Lodge','1115441104'),(35988217,'Rubie','Reichert','M','1183997694','Brandyn Canyon','1151525671'),(36025183,'Alanna','Becker','F','1174726527','Vivian Knolls','1111989849'),(36042347,'Braxton','Wunsch','F','1187497872','Goyette Lakes','1124191049'),(36062344,'Maryam','Beahan','M','1111425068','Lelah Lakes','1197064937'),(36107011,'Kailee','Gleichner','M','1150318231','Jaydon Rapid','1145045134'),(36112887,'Kenny','Jakubowski','M','1102034725','Gleason Ramp','1176036304'),(36118988,'Ralph','Hintz','F','1144672849','Noelia Flats','1108678355'),(36133196,'Obie','Littel','F','1125496982','Parisian Roads','1147392707'),(36141154,'Pinkie','Romaguera','F','1177412424','Grady Stream','1122529593'),(36226823,'Domenica','Luettgen','F','1133697789','Kuvalis Cape','1183392352'),(36237533,'Ezra','Lehner','F','1104874026','Waelchi Mountain','1134178062'),(36242220,'Mckayla','Corwin','M','1128085534','Domenica Vista','1197596641'),(36260918,'Maddison','O\'Keefe','M','1186142957','Frida Mountains','1129869858'),(36269988,'Verda','Lang','M','1166196703','Leannon Cove','1122008001'),(36288129,'Max','Kirlin','M','1124332319','Beer Crescent','1152936283'),(36325705,'Daren','Bosco','M','1187852325','Delia Roads','1156226740'),(36390083,'Nyah','Spencer','F','1162657897','Abshire Coves','1137913554'),(36498044,'Leonard','Durgan','M','1135098572','McDermott Roads','1198830449'),(36499694,'Ned','Botsford','M','1175238676','Keyshawn Course','1150956712'),(36508384,'Herbert','Blick','M','1167672174','Charley Plains','1163734334'),(36570262,'Antonietta','Lindgren','M','1142791216','Conrad Viaduct','1180143613'),(36593612,'Elody','Watsica','F','1168563604','Hilda Forest','1143178898'),(36602431,'Sim','Emmerich','F','1105583894','Wade Greens','1174862690'),(36650795,'Taylor','Dietrich','F','1116003434','Dach Lodge','1148239416'),(36671805,'Jacquelyn','Walter','M','1166432271','Langworth View','1171320643'),(36716790,'Sylvan','Jacobson','M','1173465020','Windler Skyway','1132355879'),(36771085,'Katelin','Ernser','M','1196151941','Seth Ferry','1124945754'),(36781900,'Jeanne','Emmerich','M','1109120355','Huel Route','1160323477'),(36792690,'Olen','Lakin','F','1164751971','Norval Manors','1145815694'),(36812686,'Maudie','Beatty','F','1195364728','Boyle Hills','1152683541'),(36821436,'Cortez','Konopelski','M','1159208498','Cassin Track','1181388593'),(36836102,'Winifred','Raynor','F','1145032102','Stehr Locks','1101548572'),(36892659,'Cecil','Dach','F','1142344096','Tyreek Avenue','1186025752'),(36915922,'Sharon','Bednar','M','1189441145','Vilma Fields','1146887719'),(36978809,'Oliver','Hyatt','M','1108383693','Mittie Keys','1124848539'),(37005774,'Kris','Padberg','M','1188422273','Bechtelar Corner','1117657897'),(37012920,'Aurelie','Breitenberg','F','1102413284','Lindgren Light','1129729438'),(37031969,'Wilburn','Yost','M','1160474062','Lelia Underpass','1166469414'),(37038836,'Kamille','Willms','M','1171636537','Kiehn Mission','1156842269'),(37049159,'Nikolas','Ritchie','M','1175046744','Ulices River','1135852978'),(37049566,'Etha','Will','M','1167765659','Ellen Ramp','1110934195'),(37051676,'Titus','Bogisich','F','1158446582','Mitchell Vista','1144384389'),(37091051,'Rubie','Botsford','F','1139998906','Mayer Vista','1164934836'),(37181288,'Kathleen','Schroeder','F','1111025878','Runte Walk','1173786588'),(37185859,'Jermey','Wilkinson','F','1126754679','Ebba Divide','1164682109'),(37211926,'Betsy','Cassin','M','1113704981','Smitham Haven','1195197805'),(37260889,'Rupert','Moore','M','1159043818','Schimmel Ramp','1145516386'),(37266819,'Dillan','Terry','F','1166514195','Laverne Prairie','1111336350'),(37268934,'Leora','Hagenes','F','1118409591','Mariam Knolls','1102484025'),(37276024,'Amya','Dach','M','1187716431','Waters Camp','1186224180'),(37285350,'Cody','Kuhn','F','1159881021','Larson Gateway','1141413818'),(37393329,'Mellie','Hammes','F','1139907976','Ben Hill','1127101772'),(37411833,'Dorothy','Bergstrom','M','1158485590','Einar Isle','1179642119'),(37458848,'Cole','Goodwin','M','1176046369','Torp Burg','1145897876'),(37480022,'Georgette','Howe','F','1128017081','Abbott Crest','1150015586'),(37482411,'Bailee','Funk','M','1133184717','Danyka Oval','1124801635'),(37489265,'Alta','Goldner','M','1168436330','Cruickshank Trace','1143206989'),(37492110,'Betty','O\'Conner','M','1180916899','Reba Stream','1171422427'),(37499805,'Susanna','Renner','F','1148268320','Kuphal Roads','1159751454'),(37505776,'Destany','Volkman','F','1133860284','Lera Tunnel','1193117966'),(37511910,'Miller','Mosciski','F','1112018928','Hodkiewicz Falls','1120172873'),(37526165,'Humberto','Beier','M','1134014454','Jackeline Stravenue','1162496865'),(37534765,'Eleanora','Sanford','F','1118280740','Lubowitz Mission','1166360614'),(37538998,'Price','Quigley','F','1155950060','Soledad Islands','1140857064'),(37539647,'Oma','Crist','F','1132031045','Antonio Mountains','1137375065'),(37548004,'Freddie','Tillman','F','1192673227','Weber Stream','1103380631'),(37563996,'Austin','Doyle','M','1117667244','Simonis Locks','1165815046'),(37564170,'Kenyon','Stehr','F','1135825525','Berniece Shoals','1137818734'),(37613578,'Adaline','Haag','F','1178146863','George Isle','1149918214'),(37663814,'Isabelle','Beahan','M','1149332708','Rice Fall','1155944706'),(37691478,'Justice','Weber','M','1168300732','Rodriguez Avenue','1189217980'),(37706121,'Ryleigh','Renner','M','1159087824','Estrella Square','1119160342'),(37710302,'Liana','Tromp','M','1196195583','Furman Meadow','1150860492'),(37735666,'Felicity','Carter','F','1176416988','Herzog Ford','1170565680'),(37773720,'Karl','Rempel','F','1175692240','Dicki Estate','1162145237'),(37785179,'Linnie','O\'Kon','M','1153950208','Dorris Freeway','1187810936'),(37815392,'Jerrold','Sauer','F','1145152188','Renner Lane','1123972988'),(37829043,'Kaycee','Schmitt','M','1112740688','Brian Station','1150619681'),(37864658,'Fannie','Donnelly','F','1195834189','Mitchell Burg','1180515227'),(37872447,'Alessandro','Mraz','M','1188311282','Hackett Extension','1123183302'),(37875427,'Jacynthe','Frami','M','1149000645','Spencer Court','1117511612'),(37903738,'Juston','Johnson','M','1108259694','Dustin Islands','1152319137'),(38042193,'Lazaro','Kilback','M','1101578415','Joel Loop','1171562929'),(38069681,'Travon','Reichel','M','1132983610','Langosh Camp','1127525622'),(38095346,'Modesto','Rippin','F','1146729722','Macejkovic Bypass','1190464838'),(38113678,'Orie','Barrows','F','1107458878','Auer Ridges','1117302502'),(38127548,'Charity','Monahan','F','1184185207','Kutch Loop','1106029016'),(38135236,'Quentin','Raynor','F','1188432008','Pacocha Knoll','1179288833'),(38167548,'Damian','Hirthe','F','1196276464','Julia Plain','1165055387'),(38167713,'Waylon','Cruickshank','M','1196363524','Lila Trace','1125173196'),(38204964,'Corrine','Adams','M','1141427517','Samara Oval','1185952643'),(38234435,'Susan','Raynor','F','1148077364','Altenwerth Club','1176785762'),(38260670,'Modesta','Murphy','M','1133514615','Tromp Loop','1179907952'),(38327234,'Kathryne','Klocko','M','1114020715','Shanahan Crossing','1184420591'),(38330262,'Aracely','Koelpin','M','1140017957','Kutch Tunnel','1100266950'),(38349695,'Alexis','Wiza','F','1184494862','Phoebe Junctions','1194449042'),(38355920,'Iva','Metz','F','1180149344','Hulda Manors','1100977188'),(38374179,'Adrain','Considine','F','1117921261','Waldo Garden','1113743300'),(38421437,'Mavis','Macejkovic','F','1105023247','Stan Fork','1146092826'),(38447020,'Sam','Altenwerth','M','1136475588','Stanton Meadows','1148761448'),(38466588,'Vaughn','Pfannerstill','M','1174534175','Block Skyway','1106368548'),(38507033,'Etha','Cormier','M','1150375831','Fay Circles','1170976344'),(38523742,'Santa','Crist','M','1162361252','Emmerich Forges','1169145643'),(38545785,'Reba','Lesch','F','1116119563','Greenfelder Route','1124745631'),(38628770,'Naomi','Torphy','M','1164932745','Darrell Orchard','1178458657'),(38670487,'Alejandrin','Heathcote','M','1162852529','Haley Drive','1199665380'),(38672521,'Arjun','Stokes','M','1187020799','Darian Ridge','1170248999'),(38690119,'Reva','Vandervort','M','1105871672','Laurie View','1195517872'),(38695834,'Shanon','Halvorson','M','1119048275','Rita Village','1100117084'),(38707124,'Aida','Simonis','M','1154892524','Claudie Squares','1190737438'),(38715758,'Dusty','Wolff','F','1172432882','Miles Expressway','1179583612'),(38721784,'Cara','Gorczany','M','1143005061','Miller Island','1163927497'),(38731802,'Caroline','Larson','F','1193541089','Christelle Forest','1166529524'),(38756509,'Sylvester','Littel','M','1129552949','Jana Springs','1131539539'),(38771421,'Newton','Gutmann','F','1190332755','Doug Skyway','1110638609'),(38771936,'Shaylee','Lind','F','1156718218','Parker Extensions','1148066328'),(38815043,'Maida','Lakin','F','1154155884','O\'Reilly Prairie','1101238788'),(38827608,'Zachery','Pfeffer','M','1160780791','Skiles Fort','1105328942'),(38886713,'Jody','Rutherford','M','1179973682','Towne Gardens','1164938948'),(38905118,'Florida','Murazik','F','1197416831','Fritsch Circles','1137678902'),(38915177,'Joesph','Zulauf','M','1171742529','Hand Mill','1156335722'),(38941155,'Ayla','Senger','M','1136495188','Harvey Center','1132338399'),(38941429,'Eulalia','Stokes','F','1146666289','Abe Loaf','1160823043'),(38977849,'Beaulah','Schroeder','F','1116804768','Gordon Fall','1194916784'),(38994196,'Maximilian','Kuhlman','M','1118158004','Frederic Ranch','1193327526'),(39003979,'Ibrahim','Klein','M','1115428727','Yasmeen Valleys','1148517565'),(39031175,'Hettie','Collins','M','1161994840','Kobe Lodge','1135486323'),(39079792,'Lysanne','Cartwright','M','1140284585','Carter Keys','1149150982'),(39080997,'Chet','DuBuque','F','1170861258','Jess Stream','1184875696'),(39088370,'Shaun','Kassulke','M','1154128270','Samara Radial','1128215387'),(39105520,'Deondre','Cummings','M','1110283051','Leffler Springs','1174222444'),(39117646,'Jazlyn','Blanda','F','1190137859','Luisa Parkway','1117386651'),(39127727,'Winston','Boehm','F','1183758350','Stamm Track','1133464801'),(39128292,'Jarrell','Graham','M','1137834639','Lynch Forge','1111313739'),(39135170,'Alyce','Donnelly','F','1189777525','Wanda Extensions','1155811114'),(39142390,'Cecelia','Carroll','M','1111539694','Johnston Ford','1194356461'),(39178653,'Minnie','Boehm','F','1177644853','Stiedemann Corners','1154647451'),(39258263,'Josh','Adams','F','1167026164','Miles Tunnel','1182719138'),(39267920,'Otto','Deckow','F','1167047483','Sydnee Lock','1104103799'),(39276849,'Antwan','Ortiz','M','1109051221','Tomasa Green','1136864212'),(39298572,'Shanna','Osinski','F','1122829666','Keyshawn Well','1120201005'),(39337714,'Corrine','Strosin','M','1177073394','Marlee Via','1126248941'),(39360106,'Patrick','Blick','M','1175593094','Florian Village','1121348998'),(39365360,'Jamison','Berge','M','1164760521','Dina Ports','1150606616'),(39389509,'Frederic','Gulgowski','M','1188417256','Candelario Fork','1123550927'),(39396205,'Adolfo','Leffler','F','1198659293','Mosciski Hills','1102166692'),(39399620,'Melyssa','Sanford','F','1116727126','Maggio Square','1101193406'),(39400789,'Clare','Purdy','F','1153907945','Alda Unions','1122012700'),(39403701,'Twila','Bahringer','M','1101048440','Derick Extension','1135343527'),(39431705,'Aida','Haag','F','1196335430','Okuneva Junctions','1174792366'),(39445709,'Verner','Emmerich','F','1149715351','Edison Mills','1137806138'),(39472261,'Lessie','Reilly','M','1199864730','O\'Conner Ville','1181264922'),(39474191,'Irma','Stehr','F','1152457970','Farrell Track','1141964910'),(39474214,'Bernadine','Funk','M','1181871348','Padberg Brook','1163935276'),(39491578,'Sydni','Emard','M','1123947232','Terrell Roads','1128007634'),(39518942,'Matilde','Osinski','M','1105586929','Smith Unions','1170122953'),(39588737,'Ross','Schuppe','M','1138063406','Jessika Ferry','1131501362'),(39625895,'Reta','Reinger','M','1173360863','Price Points','1101939290'),(39634256,'Della','Rath','F','1106246542','Tania Ville','1195743228'),(39653573,'Al','Lang','M','1131224946','Jacobs Harbors','1152419254'),(39748990,'Eusebio','Bahringer','F','1190228741','Grady Squares','1167992666'),(39751973,'Charley','Jacobs','F','1105451469','Nienow Plains','1128015793'),(39754163,'Rosemarie','Lindgren','M','1111319332','Torp Ranch','1175403582'),(39784302,'Letitia','Walsh','M','1156161526','Goodwin Estate','1126418040'),(39796731,'Wanda','Cole','F','1118597013','Senger Falls','1155928214'),(39803604,'Megane','O\'Keefe','F','1139251985','Bogan Cliff','1188916881'),(39841103,'Hershel','Thompson','M','1106413749','Leone Meadows','1146208495'),(39877634,'Mohammad','Weber','M','1120723356','Beier Isle','1104588384'),(39892697,'Sarah','Schroeder','F','1171979633','Aracely Shoal','1112257722'),(39937395,'Maximillia','Becker','F','1149928093','Bosco Stream','1191628276'),(39951692,'Trudie','Bechtelar','F','1161176654','Towne Garden','1198093899'),(39966005,'Casimir','Satterfield','F','1141145061','Johanna Freeway','1169577666'),(40025115,'Hilda','Altenwerth','M','1168938111','Harber Motorway','1106608167'),(40079427,'Yoshiko','Murray','F','1110758615','Volkman Manors','1132929953'),(40113732,'Rylan','Ritchie','F','1106591503','Simonis Cove','1128518552'),(40126936,'Beth','Sporer','M','1129259876','Kaley Well','1154456518'),(40135172,'Austyn','Becker','F','1114452232','Tromp Flat','1193790816'),(40220617,'Elva','Homenick','F','1173700112','Garett Avenue','1134450495'),(40238607,'Adrain','Halvorson','M','1102190946','Natalia Stravenue','1178155630'),(40263893,'Jayce','Abshire','F','1151520889','Koss Cove','1124101475'),(40267040,'Isabella','Friesen','M','1124933656','Schuppe Plaza','1177139397'),(40301744,'Demetrius','Mosciski','F','1119198942','Dangelo Union','1118032237'),(40325306,'Ila','Jacobi','M','1127752789','Kerluke Prairie','1131705820'),(40333633,'Manuel','Ondricka','F','1124558603','Josefina Inlet','1157199753'),(40344704,'Jess','Jones','M','1190769220','Maritza Course','1152922707'),(40370563,'Kolby','Wilkinson','M','1176970521','Willy Streets','1103552789'),(40413638,'Marty','Kohler','M','1177565546','Carli Plaza','1118885472'),(40485192,'Aliya','Wilderman','F','1192519810','Feeney Course','1196102968'),(40557207,'Boris','Hahn','F','1188066886','Gislason River','1131060164'),(40591223,'Bethel','Schmeler','M','1129663899','Sid Manor','1119492466'),(40616833,'Lupe','Gulgowski','M','1138322631','Werner Inlet','1115094866'),(40620876,'Jany','Feil','M','1113062757','Christophe Green','1166867843'),(40642299,'Linda','Bartell','M','1133307930','Mante Knolls','1131922332'),(40665647,'Paris','Hansen','F','1140311407','Leslie Lock','1152353714'),(40678944,'Flavio','Leffler','M','1123529136','Kertzmann Villages','1124460708'),(40715229,'Montana','Wolf','F','1199251626','Hamill Gardens','1180315014'),(40742819,'Regan','Parker','M','1124163768','Stiedemann Plain','1133042411'),(40759122,'Lavinia','Wunsch','F','1133671004','Lilyan Pike','1111122646'),(40791590,'Jimmy','Waelchi','F','1135806136','Eichmann Lodge','1151703897'),(40810712,'Velva','Gusikowski','M','1191261469','Jerad Locks','1149553869'),(40916537,'Kyla','Skiles','M','1190856941','Haven Inlet','1130177323'),(40918662,'Dixie','Willms','M','1199137577','VonRueden Lock','1169365193'),(40922163,'Stephania','Wisozk','F','1153933265','Doyle Mount','1113366434'),(40931108,'Maureen','Parker','M','1123790741','Nikko Rapids','1172522678'),(41026437,'Roslyn','Stroman','M','1157489685','America Parkways','1171243384'),(41036165,'Carolyn','Koelpin','M','1144301313','Lilyan Meadows','1146027342'),(41038789,'Haleigh','Goyette','F','1190614690','Gerhold Parks','1166025022'),(41078256,'Lourdes','Kassulke','M','1168361164','Emiliano Burg','1171006611'),(41152401,'Cristina','Harvey','F','1149214320','Emmerich Causeway','1165469591'),(41156121,'Madalyn','Parisian','F','1147777355','Ebert Views','1145683167'),(41164279,'Elyse','Brekke','M','1150963187','Dortha Hill','1191579899'),(41180140,'Camila','Ryan','F','1138947177','Aiden Turnpike','1102557290'),(41243878,'Theresia','Pfannerstill','F','1147684988','Halvorson Creek','1185169139'),(41325811,'Patrick','Mann','F','1145807687','Sadye Rapids','1183560099'),(41331390,'Sibyl','Hessel','F','1168715314','Kuphal Gateway','1118921804'),(41332542,'Genoveva','Koelpin','M','1152723605','Braun Terrace','1137823285'),(41345344,'Mae','Harris','M','1137481036','Ellen Mountains','1172034708'),(41347136,'Domenic','Schaden','M','1119999480','Amie Run','1146517400'),(41387460,'Payton','Corkery','M','1165329197','Frami Court','1197701004'),(41452763,'Henry','Kessler','F','1181002910','Clare Track','1120438873'),(41459599,'Alysa','Swift','F','1189157952','Schimmel Overpass','1140339920'),(41460137,'Lauren','Berge','F','1173336599','Rosetta Grove','1197649490'),(41482651,'Alberto','Becker','M','1113061091','Kacie Springs','1144318120'),(41525141,'Madisen','Schumm','F','1162575529','Bins Cove','1150733049'),(41535817,'Ebony','Klocko','M','1123972552','Bode Orchard','1130185117'),(41585461,'Aurelia','Harris','F','1162237338','Ryder Locks','1113743389'),(41609859,'Olaf','Mueller','F','1168717506','Maggio Light','1179414059'),(41610518,'Bailey','Zboncak','M','1128810791','Crist Shore','1195617427'),(41628348,'Douglas','King','M','1198872379','Carmel Hill','1167588228'),(41694391,'Katrina','Price','F','1132284835','Rodriguez Spring','1125226017'),(41710706,'Missouri','Mueller','M','1135800850','Juston Springs','1134008086'),(41717951,'Eldon','Hilpert','M','1107784961','Bailey Center','1135028845'),(41718827,'Molly','Walker','M','1106465888','Delmer Ports','1146193436'),(41799964,'Isidro','Schultz','M','1138235354','Kozey Rapids','1183467667'),(41812951,'Jewel','Jacobson','M','1110098065','Ortiz Plains','1132314825'),(41830805,'Citlalli','Nienow','F','1196565864','Grimes Extension','1190952296'),(41835294,'Garrick','Leuschke','F','1169405129','Johnson Ridges','1159936651'),(41846393,'Annabell','Powlowski','M','1102074622','Dooley Branch','1197154245'),(41850123,'Tressie','Bechtelar','F','1174308963','Myah Lakes','1183555954'),(41861376,'Marianna','Boyle','F','1184187599','Maeve Isle','1137955428'),(41869080,'Rene','Beer','M','1153637134','Farrell Village','1158928503'),(41876111,'Ignatius','Hermiston','F','1185883632','Conroy Trail','1150812561'),(41886044,'Theodora','Blanda','M','1116090839','Nitzsche Circles','1182192633'),(41985993,'Maximillian','Thompson','M','1104820811','Reichert Route','1188057342'),(41988316,'Anais','Wunsch','M','1171661820','Nikki Greens','1194285736'),(42003159,'Loyce','Block','F','1176553825','Ondricka Coves','1138099948'),(42009379,'Coty','Fahey','M','1164500171','Gleichner River','1110637795'),(42029024,'Michaela','Boyer','M','1167669245','Haley Estate','1108676489'),(42044164,'Zetta','Heathcote','F','1128077935','Kody Spring','1182145341'),(42069621,'Llewellyn','Kuvalis','F','1195326815','Marks Knolls','1133430445'),(42119377,'Corine','Osinski','F','1187487606','Ignatius Points','1118402311'),(42129787,'Dasia','Frami','M','1196456595','Mertz Hills','1118793899'),(42131374,'Maxie','Ernser','F','1146192498','Alanis Wells','1140564471'),(42132528,'Emmitt','Schaefer','F','1193826689','Towne Village','1150847102'),(42137588,'Elva','Gleichner','M','1124081940','Baumbach Highway','1169427210'),(42169505,'Jovan','Lakin','F','1169753016','Turner Forges','1197998767'),(42183065,'Owen','Fritsch','F','1111604258','Carmelo Pine','1112861568'),(42188620,'Lucie','Schimmel','F','1115330429','Langosh Vista','1131805281'),(42215729,'Alexa','Rogahn','F','1199836360','Robel Union','1150701451'),(42223992,'Ivy','Powlowski','F','1109537597','Noah Glens','1121241640'),(42266935,'Jaleel','Mante','F','1151394009','Mona Mountains','1131671286'),(42360888,'Green','Gleichner','F','1114117182','Nolan Haven','1197282534'),(42368678,'Alexander','Fay','F','1184693755','Heaney Junction','1155838144'),(42370075,'Adam','Effertz','M','1189141681','Altenwerth Points','1127840828'),(42372310,'Clifton','Carter','F','1173018187','Lane Mission','1130173410'),(42387227,'Jarret','Denesik','M','1105936349','Jolie Pike','1156033509'),(42400188,'Alfonzo','Beatty','M','1176579772','Carmen Divide','1187255137'),(42402251,'Buford','Kshlerin','F','1176440158','Henri Flats','1143479673'),(42408823,'Griffin','Abbott','M','1108575851','Schowalter Path','1107373573'),(42413653,'Mason','Pacocha','M','1189149905','Schumm Road','1100615792'),(42414146,'Keaton','Turcotte','F','1136677506','Koepp Walks','1108576846'),(42453788,'Elta','Dibbert','F','1171790181','Braden Curve','1182004518'),(42472271,'Garfield','Murphy','F','1196917668','Rowe Harbor','1157803612'),(42487292,'Dorcas','Abshire','M','1171799104','Block Hills','1165965862'),(42557290,'Marion','Cassin','M','1115926013','Reanna Haven','1183609759'),(42583090,'Kristin','Russel','F','1167667058','Rosetta Isle','1162859638'),(42595988,'Emory','Breitenberg','F','1130645654','Schoen Meadow','1115662567'),(42602026,'Lenna','Stroman','M','1115919774','Veronica Ports','1135654233'),(42620496,'Alysha','Moore','F','1139941711','Kevin Street','1188361856'),(42653552,'Pablo','Wisozk','F','1130545472','Reynolds Divide','1125155514'),(42653699,'Jayne','Krajcik','M','1188757761','Jakubowski Plains','1192721075'),(42691859,'Jayme','Reichel','M','1194955097','Veum Divide','1119908400'),(42726380,'Phoebe','Durgan','F','1181146343','Kole Shores','1186877988'),(42754062,'Ollie','Schuppe','F','1189602722','Laurie Summit','1185122143'),(42768761,'Edmond','Stoltenberg','M','1133225556','Rhett Springs','1152482322'),(42776918,'Emerson','Johnson','M','1185795466','Stacey Ways','1155581008'),(42781231,'Anais','Moen','M','1164969043','Yost Prairie','1147056128'),(42787658,'Enrico','Zieme','M','1139220356','Schmidt Viaduct','1100511853'),(42861892,'Madeline','Steuber','F','1177231515','Conroy Crossroad','1135848971'),(42875802,'Henry','Brakus','F','1102007491','Jaeden Burgs','1109283984'),(43043606,'Willy','Langosh','F','1106624692','Mann Forge','1117021554'),(43057805,'Conrad','Hermann','M','1193625984','Taurean Streets','1155369843'),(43064539,'Itzel','Stroman','F','1136384292','Cindy Drives','1181334376'),(43078677,'Jasmin','Brown','M','1129091361','Veronica Spur','1188279436'),(43083544,'Raina','Rogahn','M','1132630412','Jennifer Court','1134714398'),(43098487,'Princess','Hagenes','M','1130538710','Medhurst Plaza','1172696954'),(43107487,'Luciano','Howell','M','1117626411','Hauck Drive','1117229472'),(43154346,'Lawson','Bergnaum','F','1145556820','Kaylin Center','1127532300'),(43192699,'Kyleigh','Gutmann','M','1179571503','Otto Centers','1110998436'),(43250631,'Krystel','Morissette','M','1119298202','Kovacek Mews','1166725222'),(43272884,'Norma','Schuppe','F','1148649241','Joe Wall','1103771723'),(43287354,'Daniela','Schroeder','F','1159112514','Anita Island','1190867883'),(43313536,'Maegan','Brekke','F','1101319097','Sofia Ferry','1178277798'),(43327140,'Carmine','Brown','F','1116416544','Gislason Points','1168469693'),(43344958,'Pansy','Hoppe','F','1190127495','Koelpin River','1137701727'),(43429217,'Omer','Rosenbaum','F','1194650186','Kautzer Loop','1158479306'),(43433663,'Carmela','Morar','M','1155859026','Katherine Road','1108122684'),(43489304,'William','Schaden','M','1181076291','Judah Ridges','1174413530'),(43495099,'Ambrose','Mohr','M','1117676518','Stehr Meadow','1158359785'),(43537418,'Lexie','Kunde','F','1132899392','Ciara Mission','1146453797'),(43602436,'Nikita','Rau','M','1120132775','Elton Fields','1115501631'),(43611206,'Shana','Feeney','M','1114335708','Mathew Park','1197501619'),(43665901,'Letha','Langosh','F','1140071793','Schmeler Stravenue','1119928518'),(43684066,'Nickolas','Mueller','M','1106454758','Unique Coves','1122029799'),(43692758,'Claudie','Friesen','M','1193248127','Kulas Gardens','1142062618'),(43708125,'Coy','Kshlerin','F','1170822813','Blick Station','1109896440'),(43715165,'Cleora','Brakus','M','1133656448','Laisha Club','1160863228'),(43818097,'Theodora','Armstrong','F','1195068512','Kohler Circles','1115640203'),(43828212,'Jerod','Russel','F','1159251850','Andreane Roads','1125724144'),(43829216,'Norris','Kuphal','F','1192967794','Stehr Mountains','1151142949'),(43830410,'Hortense','Balistreri','F','1114229312','Balistreri Park','1116175688'),(43834734,'Maynard','Berge','F','1196130377','Sterling Pines','1151338910'),(43851991,'Maryam','Nolan','M','1159161319','Schaefer Drives','1151590149'),(43858625,'Malvina','Lynch','F','1190080654','Champlin Parkways','1135059856'),(43863950,'Burnice','Smitham','F','1147558037','Katelyn Shoal','1147021430'),(43883199,'Monroe','Anderson','F','1194461863','Olga Field','1130246804'),(43898438,'Oswald','Beer','M','1145218657','Opal Terrace','1121617929'),(43920800,'Patience','Mills','M','1105293775','Rohan Lights','1159195562'),(43928541,'Hortense','Yost','M','1159068644','Curt Radial','1125176185'),(43961739,'Kobe','Harvey','F','1108712841','Wanda Road','1121016214'),(43974466,'Jaunita','Klein','M','1140954868','Bernier Unions','1188519992'),(43976366,'Elijah','Beier','F','1111325784','Shirley Pass','1156616629'),(43979496,'Wade','Nader','F','1123759973','Lonie Plaza','1105755589'),(43982648,'Lucius','Robel','F','1184725269','Harmony Grove','1193629397'),(44045187,'Reyna','Pagac','M','1104779474','Buckridge Pines','1189374891'),(44080006,'Christelle','Spencer','M','1195900954','Alessandro Port','1139180603'),(44082483,'Henriette','Gottlieb','F','1146801189','Allene Port','1170092843'),(44082671,'Violette','Kutch','F','1180607451','Gavin Canyon','1103478896'),(44122642,'Manuela','Balistreri','M','1134309308','Arvel Brooks','1101367635'),(44145904,'Jadon','Gusikowski','F','1156859124','Barbara Course','1168035771'),(44209886,'Adrien','Berge','M','1178035079','Runolfsson Hills','1198601255'),(44210818,'Clifford','Sipes','F','1151330117','Schuppe Fords','1178807074'),(44224775,'Zechariah','Harvey','M','1125089854','Luis Lane','1170081822'),(44258166,'Emelie','Klocko','F','1171625039','Zieme Bridge','1138043081'),(44301395,'Vita','Rogahn','M','1118610232','Jones Summit','1161735647'),(44303027,'Grover','Ortiz','M','1130142381','Ratke Avenue','1122400185'),(44325582,'Keagan','Tillman','M','1198783771','Littel Light','1122674170'),(44333960,'Verlie','Hoppe','M','1121424077','Torp Loop','1181393245'),(44337917,'Virgil','Wisozk','F','1179898501','Harvey Springs','1149934146'),(44338047,'Bert','Franecki','F','1199108663','Daisy Ranch','1108160547'),(44372393,'Josefina','Cruickshank','F','1189811080','Watsica Cape','1190814779'),(44377216,'Destini','Leannon','F','1198157377','Heath Knoll','1145813374'),(44449108,'Hoyt','Stokes','M','1167273118','Wiley Greens','1143005800'),(44491702,'Breanne','McKenzie','F','1147424050','Donny Plaza','1154447076'),(44497825,'Ford','Collier','M','1164148989','Rory Loaf','1124966202'),(44506303,'David','Hilpert','M','1198008771','Eudora Ports','1199236742'),(44531354,'Alfred','Strosin','F','1159640734','Dion Hill','1141720448'),(44579004,'Mayra','Davis','F','1196450223','Devan Crossroad','1142967813'),(44589006,'Marge','Dickinson','M','1179744481','Hegmann Springs','1158776088'),(44616817,'Eveline','Fisher','F','1156121744','Orion Trace','1183958349'),(44624333,'Lloyd','Auer','M','1140775845','Cory Squares','1193666941'),(44626728,'Ansley','Beier','F','1106437133','Ethan Mountain','1164429280'),(44646087,'Sallie','Koelpin','M','1133639382','Ebert View','1189224801'),(44654373,'Domenick','Bauch','M','1130618424','Monahan Vista','1101287288'),(44669043,'Helen','Satterfield','F','1134040081','Kris Square','1181781496'),(44681766,'Isom','Gutkowski','F','1166824437','Merlin Mill','1124315301'),(44699440,'Tabitha','Rogahn','M','1187660574','Virgil Loop','1160833570'),(44702725,'Tyrel','Flatley','F','1184838403','Stacy Knolls','1158637090'),(44712758,'Ewell','Will','M','1151596361','Bertram Rest','1112178925'),(44714169,'Fritz','Rodriguez','M','1110251005','Kunze Flat','1103230858'),(44757155,'Bud','Marks','F','1175723208','Olson Glen','1193727405'),(44775529,'Wilfredo','Davis','M','1197113539','Hettinger Freeway','1154348134'),(44777933,'Patsy','Volkman','F','1101118715','McGlynn Road','1182034718'),(44791309,'Terry','Collins','M','1182056148','Rusty Trail','1113686812'),(44811519,'Bulah','Hoeger','M','1139145193','Ortiz Divide','1156143773'),(44812595,'Myrtis','Ryan','M','1180538503','Shayne Via','1168680744'),(44830414,'Hassie','Lubowitz','F','1147974936','Blick Summit','1109013425'),(44918841,'Leslie','Hills','M','1167092520','Leuschke Meadows','1156073714'),(44938154,'Sammie','Lebsack','F','1102603141','Johnathon Locks','1136991783'),(44947887,'Jeanette','Herzog','M','1176414193','Garnet Spurs','1101789389'),(44979264,'Devon','Block','F','1135759607','Koch Mews','1169130160'),(45017515,'Alfreda','Rowe','M','1109005327','Krajcik Plains','1157915095'),(45098716,'Sabina','Berge','M','1198431751','Elinor Plaza','1133217286'),(45105672,'Christiana','Gusikowski','M','1177384440','Leon Lodge','1117383577'),(45151580,'Corene','Larkin','M','1175716574','Schamberger Avenue','1195860175'),(45165974,'Dudley','Graham','F','1122743062','Brown Estate','1101627834'),(45179403,'Erin','Dickinson','M','1174190776','Frankie Courts','1147793656'),(45191117,'Trever','Stroman','F','1146857086','O\'Reilly Ford','1151997685'),(45246572,'Brandyn','Hackett','F','1181202793','Eliza Road','1102799308'),(45323849,'Gideon','Welch','M','1108611622','McCullough Crescent','1189210199'),(45346113,'Louvenia','Russel','F','1195422650','Thompson Field','1136476876'),(45394100,'Reanna','Pfannerstill','M','1152179446','Maye Points','1105528913'),(45463779,'Ricky','Brakus','M','1159293562','Erling Station','1133660640'),(45501685,'Shawn','Gaylord','M','1133805702','Kaleigh Shores','1174816262'),(45539570,'Otho','Beatty','M','1154153217','Coleman Skyway','1144429645'),(45557272,'Aniyah','Leuschke','F','1159590150','Sadie Center','1111916153'),(45586920,'Erin','Koss','F','1177732215','Carmen Summit','1187967619'),(45615406,'Baylee','Wisozk','M','1167989902','Darian Village','1122590323'),(45616670,'Angie','Kub','M','1167209259','Stark Harbors','1163043228'),(45627436,'Cindy','Hermann','F','1142171204','Schmeler Squares','1117449886'),(45629110,'Horace','West','F','1134950668','Dessie Roads','1179188005'),(45632808,'Dorris','O\'Kon','F','1102555853','Nienow Keys','1184990347'),(45711092,'Retta','Morar','F','1118849576','Kerluke Fort','1113941679'),(45736517,'Danial','Johnston','M','1100055949','Funk Viaduct','1146972057'),(45746189,'Branson','Stark','F','1124219249','Vilma Walks','1138366941'),(45752733,'Adolph','Barrows','M','1156723236','Von Track','1115720157'),(45773713,'Alexa','Blanda','M','1115348360','Lisa Locks','1157784135'),(45786418,'Laverne','Berge','F','1100611488','Kenna Springs','1187252851'),(45794757,'Karlie','Mante','F','1143380065','Mitchell Inlet','1103287622'),(45829193,'Kelli','Harvey','F','1172935819','Denesik Plaza','1174111696'),(45844571,'Lemuel','Terry','M','1189472901','Grady Parkway','1122767317'),(45851032,'Kavon','Dibbert','F','1103282445','Dorothy Grove','1169190692'),(45854476,'Elizabeth','Beahan','M','1127665271','Sandra Coves','1145033307'),(45859453,'Lisa','Anderson','F','1142222587','Schmeler Via','1163785539'),(45862319,'Gabe','Koch','F','1158409681','Roderick Estates','1152909548'),(45902449,'Bella','Crooks','F','1120920627','Gorczany Oval','1125066038'),(45919560,'Lizeth','Stehr','M','1157049420','Raynor Road','1137633891'),(45951242,'Norris','Beatty','M','1128150830','Weber Lodge','1106830123'),(45986805,'Alfredo','Kshlerin','F','1154119336','Juwan Groves','1129390983'),(45998845,'Karianne','Collins','M','1144881307','Gonzalo Hills','1196666225'),(46017127,'Johnpaul','Cummings','F','1142009354','Dooley Stravenue','1179393868'),(46050891,'Gabe','Bashirian','M','1107161613','Kendra Green','1123643047'),(46052250,'Jettie','Kling','M','1192726969','Shannon Loop','1165653802'),(46069802,'Tillman','Little','M','1129368548','Daniel Plains','1143255732'),(46080826,'Lesley','Armstrong','F','1196060139','Vergie Passage','1133991667'),(46090115,'Evalyn','Hilll','F','1176125907','Kirlin Well','1111646367'),(46098237,'Precious','Reinger','F','1113120527','Krajcik Motorway','1127616609'),(46103687,'Myrtie','Gibson','M','1103991177','Diamond Islands','1191135252'),(46105449,'Brad','Grady','M','1123232622','Lebsack Glen','1122889655'),(46110295,'Tevin','Mosciski','F','1101992873','Phoebe Streets','1120544665'),(46111917,'Andreane','Nader','F','1141838257','Barrows Path','1195611928'),(46147314,'Ben','Cole','M','1136990135','Jacobs Run','1174336595'),(46164203,'Micaela','Crist','M','1136604239','Alexander Canyon','1171397550'),(46177462,'Kaycee','O\'Keefe','F','1136275999','Bergstrom Track','1172971948'),(46179518,'Ethyl','Casper','F','1103438293','Nicolas Extensions','1127667278'),(46199341,'Vivian','McKenzie','F','1124471963','Daniel Knolls','1102569708'),(46201887,'Curt','Connelly','F','1113725045','Marjorie Skyway','1110692011'),(46203069,'Sierra','Orn','M','1106011826','Gaylord Union','1189346159'),(46221141,'Hassan','Schulist','M','1146614266','Hackett Forest','1190453874'),(46231342,'Ewell','Mills','F','1104710313','Eric Keys','1180617917'),(46255750,'Trenton','Herzog','M','1191971999','Rolfson Course','1142934867'),(46261373,'Dawn','Rowe','F','1157781847','Schaefer Rapids','1171354551'),(46288763,'Camille','Emmerich','F','1174086377','Pollich Ford','1103283108'),(46304140,'Stone','Effertz','M','1145629909','Stephanie Groves','1187979048'),(46321355,'Isabelle','Rodriguez','M','1141787677','Cummings Forks','1188589438'),(46327950,'Vida','Paucek','F','1136243500','Estrella Track','1101559778'),(46353919,'Ida','Jones','F','1137325212','Sonya Skyway','1106595459'),(46410171,'Marlen','Yundt','F','1182487867','Heath Squares','1174456621'),(46412191,'Myrtice','Cassin','F','1140780640','Evie Plaza','1181044104'),(46420046,'Nolan','Schimmel','F','1151487330','Mike Mission','1109964589'),(46427749,'Bill','Greenfelder','M','1162557403','Hackett Gardens','1180352471'),(46463764,'Katrine','Crist','M','1183775214','Witting Forges','1133794225'),(46521791,'Tressie','Effertz','M','1189299389','Pfeffer Turnpike','1142351261'),(46530056,'Orlo','Toy','M','1129890623','Thompson Vista','1140963491'),(46543042,'Agustin','Keeling','M','1145162374','Marjory Harbors','1178335603'),(46576597,'Jess','Mayer','M','1138202042','Dickens Drives','1180242245'),(46594784,'Nicole','Kovacek','M','1165271560','Ritchie Mission','1176810209'),(46599229,'Imelda','Cassin','F','1195733404','Casey Cliff','1164289175'),(46605449,'Clifton','Schamberger','F','1193823053','Rowe Drives','1191959976'),(46644349,'Marlon','Gerlach','M','1181465746','Turcotte Fields','1107524684'),(46673395,'Clifton','Herzog','M','1179907624','Nicolas Burg','1169101788'),(46729742,'Bert','Schulist','F','1100251277','Isabelle Ranch','1100821908'),(46740645,'Eugenia','Bayer','F','1182652884','Beer Falls','1115119354'),(46741892,'Alessandro','Leannon','F','1115537186','Jakayla Knoll','1121383164'),(46745757,'Shea','Bruen','F','1197596144','Caterina Wells','1189343879'),(46748688,'Annette','Von','M','1195926836','Ola Via','1122096837'),(46763310,'Hubert','Douglas','F','1163101142','Sandy Green','1176980990'),(46781570,'Giuseppe','Wunsch','F','1107341054','Stephon Heights','1131136762'),(46790572,'Allison','Dooley','M','1101675847','Dorian Dam','1186962397'),(46799401,'Justina','Farrell','M','1137330349','Kreiger Mission','1187703094'),(46804876,'Vince','Schowalter','F','1154845334','Mason Way','1130344065'),(46809189,'Earl','Schiller','F','1168600198','Jast Ranch','1116548176'),(46820120,'Henry','Lebsack','F','1152759923','Iliana Ranch','1179406458'),(46827357,'Jennifer','Glover','M','1149340892','Stanton Valley','1163723453'),(46864082,'Reagan','Larson','F','1119468939','Hoeger Fall','1149441056'),(46870926,'Margaretta','Aufderhar','F','1183011898','Schultz Vista','1144257443'),(46883464,'Jannie','Swaniawski','M','1152150404','Gretchen Street','1153756359'),(46927419,'Penelope','Stiedemann','M','1102846973','Kirlin Causeway','1136375213'),(46966351,'Daryl','Watsica','M','1145798657','Rolfson Tunnel','1107093078'),(46984440,'Constance','Hermiston','F','1109125292','Rohan Squares','1191677164'),(47004692,'Kacie','Abshire','F','1126456157','Paula Unions','1142890020'),(47028874,'Stephania','Durgan','F','1142522608','Jefferey Crossing','1162535037'),(47055670,'Kendra','Prosacco','M','1177125803','Kerluke Brook','1199321666'),(47068495,'Luis','Von','F','1104129357','Goodwin Squares','1147842959'),(47090218,'Karli','Lueilwitz','F','1108948745','Irma Station','1164300758'),(47105843,'Myrl','Barrows','F','1139987777','Quitzon Corners','1145797533'),(47131046,'Leif','Bogisich','M','1116418177','Daugherty Points','1126951583'),(47183555,'Amy','O\'Keefe','M','1134476380','Rippin Orchard','1127234677'),(47208588,'Orie','Satterfield','F','1173949780','Johnston Coves','1185583218'),(47261151,'Jaunita','Ryan','F','1118779879','Veda Cove','1147581818'),(47265573,'Alec','Pacocha','M','1157252682','Dibbert Plaza','1149726029'),(47284655,'Robyn','Aufderhar','M','1133100651','Monique Orchard','1117255804'),(47298544,'Callie','Brekke','F','1186417529','Nella Vista','1161198603'),(47303451,'Lola','Ondricka','F','1119841831','Newton Lock','1132721554'),(47324282,'Orin','Conroy','M','1130283034','Hammes Forges','1128238033'),(47336406,'Frankie','Morar','F','1180794702','Koelpin Common','1161039171'),(47351109,'Clarabelle','Keeling','M','1173482120','Christop Street','1181635652'),(47408851,'Hubert','Huel','F','1176395390','Torp Islands','1183850813'),(47413451,'Braden','Ferry','F','1121641758','Elda Forest','1186302741'),(47414550,'Mac','Cormier','F','1180320562','Hyatt Meadow','1104756874'),(47462774,'Lauren','Senger','F','1178189421','Hodkiewicz Shores','1131115397'),(47464011,'Nat','Abbott','F','1125223403','Torphy Route','1134999463'),(47526577,'Linda','Kulas','M','1146606962','Cummings Rapids','1140707022'),(47571308,'Kenna','Williamson','F','1152570524','Ansley Lodge','1155967535'),(47574131,'Keshawn','Emmerich','F','1125371405','Frami Keys','1117239970'),(47583547,'Cornell','Hegmann','F','1117812712','Irving Brook','1163741967'),(47627459,'Patricia','Parisian','M','1158667829','Zulauf Unions','1177992738'),(47632604,'Amy','Gutkowski','M','1157779981','Angela Shores','1107521311'),(47659021,'Erling','Shields','F','1101898856','Satterfield Dam','1197497248'),(47731661,'Reuben','Jacobs','F','1136131172','Friesen Keys','1193476264'),(47775684,'Elaina','Kuphal','F','1190901996','Cole Lights','1183040344'),(47838161,'Andrew','Haag','F','1164997773','Weissnat Centers','1187175268'),(47838441,'Torey','Schuster','M','1166223834','Gleichner Mills','1164407546'),(47843476,'Camille','Ferry','M','1165069716','Arianna Bridge','1184414895'),(47859689,'Lavina','Shields','M','1169481583','O\'Connell Squares','1180824039'),(47875120,'Daphney','Turcotte','M','1111004710','Graham Glen','1162610139'),(47891854,'Brycen','Roob','M','1143229413','Daphnee Plains','1186243720'),(47904889,'Lavada','Champlin','M','1138479166','Wunsch Summit','1185720960'),(47911890,'Carrie','Armstrong','M','1106200216','Jaskolski Way','1185885009'),(47944389,'Anais','Rohan','M','1151621717','Carmella River','1190550059'),(47952984,'Hilario','Moore','F','1184348527','Ortiz Station','1126898986'),(47983958,'Natalie','Predovic','M','1145722906','Gibson Neck','1116105902'),(47985627,'Maria','Flatley','M','1147653471','Gleichner Lights','1144524617');
/*!40000 ALTER TABLE `personas` ENABLE KEYS */;
UNLOCK TABLES;

--
-- Table structure for table `pm_suministros`
--

DROP TABLE IF EXISTS `pm_suministros`;
/*!40101 SET @saved_cs_client     = @@character_set_client */;
/*!50503 SET character_set_client = utf8mb4 */;
CREATE TABLE `pm_suministros` (
  `NroPedido` int NOT NULL,
  `PersonalMedico_Empleados_Personas_DNI` int unsigned NOT NULL,
  `Suministros_CodigoSuministro` varchar(6) NOT NULL,
  `FH_Entrega` datetime DEFAULT NULL,
  `FH_Pedido` datetime DEFAULT NULL,
  `Cant_Repuesto` int DEFAULT NULL,
  PRIMARY KEY (`NroPedido`),
  UNIQUE KEY `NroPedido_UNIQUE` (`NroPedido`),
  UNIQUE KEY `PersonalMedico_Empleados_Personas_DNI_UNIQUE` (`PersonalMedico_Empleados_Personas_DNI`),
  UNIQUE KEY `Suministros_CodigoSuministro_UNIQUE` (`Suministros_CodigoSuministro`),
  KEY `fk_PM_Suministros_PersonalMedico1_idx` (`PersonalMedico_Empleados_Personas_DNI`),
  KEY `fk_PM_Suministros_Suministros1_idx` (`Suministros_CodigoSuministro`),
  CONSTRAINT `fk_PM_Suministros_PersonalMedico1` FOREIGN KEY (`PersonalMedico_Empleados_Personas_DNI`) REFERENCES `personalmedico` (`Empleados_Personas_DNI`),
  CONSTRAINT `fk_PM_Suministros_Suministros1` FOREIGN KEY (`Suministros_CodigoSuministro`) REFERENCES `suministros` (`CodigoSuministro`)
) ENGINE=InnoDB DEFAULT CHARSET=utf8;
/*!40101 SET character_set_client = @saved_cs_client */;

--
-- Dumping data for table `pm_suministros`
--

LOCK TABLES `pm_suministros` WRITE;
/*!40000 ALTER TABLE `pm_suministros` DISABLE KEYS */;
/*!40000 ALTER TABLE `pm_suministros` ENABLE KEYS */;
UNLOCK TABLES;

--
-- Table structure for table `proveedores`
--

DROP TABLE IF EXISTS `proveedores`;
/*!40101 SET @saved_cs_client     = @@character_set_client */;
/*!50503 SET character_set_client = utf8mb4 */;
CREATE TABLE `proveedores` (
  `NroProveedores` int NOT NULL,
  `Nombre` varchar(45) NOT NULL,
  `Telefono` varchar(45) NOT NULL,
  `Direccion` varchar(45) NOT NULL,
  `Mail` varchar(75) NOT NULL,
  PRIMARY KEY (`NroProveedores`),
  UNIQUE KEY `NroProveedores_UNIQUE` (`NroProveedores`)
) ENGINE=InnoDB DEFAULT CHARSET=utf8;
/*!40101 SET character_set_client = @saved_cs_client */;

--
-- Dumping data for table `proveedores`
--

LOCK TABLES `proveedores` WRITE;
/*!40000 ALTER TABLE `proveedores` DISABLE KEYS */;
INSERT INTO `proveedores` VALUES (122,'Gusikowski-Ferry','1180663773','Marilou Station','adeline.orn@example.org'),(439,'Bergnaum-Deckow','1192013848','Bosco Junctions','igislason@example.org'),(996,'Hackett, Farrell and Morissette','1194217528','Rosenbaum Court','mueller.chaya@example.com'),(1402,'Pfeffer LLC','1166908098','Ratke Tunnel','lromaguera@example.net'),(1885,'Kutch-Bergstrom','1170767652','Treutel Hollow','mhartmann@example.org'),(1921,'Breitenberg and Sons','1115934664','Brock Route','hbaumbach@example.org'),(3347,'Moore Ltd','1155779091','Yundt Lights','mckenzie.abdul@example.com'),(3547,'Nikolaus-Kris','1169364661','Jaylen Coves','lowell.lueilwitz@example.net'),(3614,'Lueilwitz and Sons','1127932241','Uriel Garden','elsie.barrows@example.net'),(3823,'Cormier Group','1110678458','Reilly Bypass','ocie53@example.com'),(4048,'Ernser Inc','1168861855','Birdie Pass','zreynolds@example.org'),(4656,'Bode, Hudson and Strosin','1120263051','Dannie Fields','xlangworth@example.org'),(5767,'Kub LLC','1132564984','Reyna Vista','telly89@example.org'),(5905,'Koch Ltd','1151200946','Madelyn Lodge','jkoss@example.net'),(7306,'Jacobs-Fahey','1119067463','Devyn Key','jakubowski.katelynn@example.com'),(7382,'Schmitt PLC','1110988191','Cummings Inlet','block.keenan@example.com'),(7484,'Rutherford Ltd','1148890646','Damian Shoal','labadie.anna@example.com'),(7619,'Cole, Hoeger and Blick','1190828087','Reagan Cove','dooley.janelle@example.org'),(8039,'Buckridge-Toy','1143607606','Ortiz Camp','langosh.modesta@example.org'),(8140,'O\'Hara-Hilll','1130791245','Schinner Route','philpert@example.com'),(8881,'Zboncak-Kuhlman','1183553714','Micah Crest','curtis62@example.org'),(9073,'Zboncak-Zboncak','1176198434','Pfeffer Isle','lowe.vicenta@example.org'),(9436,'Tillman-VonRueden','1138855076','Maurine Passage','rowe.danika@example.org'),(9614,'Heidenreich, Carter and Quigley','1116633125','Jazmyne Drive','stiedemann.greg@example.com'),(9913,'Hodkiewicz-Klein','1153690533','Ward Dale','chelsey08@example.com');
/*!40000 ALTER TABLE `proveedores` ENABLE KEYS */;
UNLOCK TABLES;

--
-- Table structure for table `proveedores_suministros`
--

DROP TABLE IF EXISTS `proveedores_suministros`;
/*!40101 SET @saved_cs_client     = @@character_set_client */;
/*!50503 SET character_set_client = utf8mb4 */;
CREATE TABLE `proveedores_suministros` (
  `Proveedores_NroProveedores` int NOT NULL,
  `Suministros_CodigoSuministro` varchar(6) NOT NULL,
  KEY `fk_Proveedores_Suministros_Suministros1_idx` (`Suministros_CodigoSuministro`),
  KEY `fk_Proveedores_Suministros_Proveedores1` (`Proveedores_NroProveedores`),
  CONSTRAINT `fk_Proveedores_Suministros_Proveedores1` FOREIGN KEY (`Proveedores_NroProveedores`) REFERENCES `proveedores` (`NroProveedores`),
  CONSTRAINT `fk_Proveedores_Suministros_Suministros1` FOREIGN KEY (`Suministros_CodigoSuministro`) REFERENCES `suministros` (`CodigoSuministro`)
) ENGINE=InnoDB DEFAULT CHARSET=utf8;
/*!40101 SET character_set_client = @saved_cs_client */;

--
-- Dumping data for table `proveedores_suministros`
--

LOCK TABLES `proveedores_suministros` WRITE;
/*!40000 ALTER TABLE `proveedores_suministros` DISABLE KEYS */;
/*!40000 ALTER TABLE `proveedores_suministros` ENABLE KEYS */;
UNLOCK TABLES;

--
-- Table structure for table `suministros`
--

DROP TABLE IF EXISTS `suministros`;
/*!40101 SET @saved_cs_client     = @@character_set_client */;
/*!50503 SET character_set_client = utf8mb4 */;
CREATE TABLE `suministros` (
  `CodigoSuministro` varchar(6) NOT NULL,
  `CostoUnitario` float NOT NULL,
  `Nombre` varchar(45) NOT NULL,
  `Descripcion` varchar(75) NOT NULL,
  PRIMARY KEY (`CodigoSuministro`),
  UNIQUE KEY `CodigoSuministro_UNIQUE` (`CodigoSuministro`)
) ENGINE=InnoDB DEFAULT CHARSET=utf8;
/*!40101 SET character_set_client = @saved_cs_client */;

--
-- Dumping data for table `suministros`
--

LOCK TABLES `suministros` WRITE;
/*!40000 ALTER TABLE `suministros` DISABLE KEYS */;
/*!40000 ALTER TABLE `suministros` ENABLE KEYS */;
UNLOCK TABLES;

--
-- Table structure for table `terapia_intensiva`
--

DROP TABLE IF EXISTS `terapia_intensiva`;
/*!40101 SET @saved_cs_client     = @@character_set_client */;
/*!50503 SET character_set_client = utf8mb4 */;
CREATE TABLE `terapia_intensiva` (
  `Camas_NroCama` int unsigned NOT NULL AUTO_INCREMENT,
  `Respirador` tinyint NOT NULL,
  PRIMARY KEY (`Camas_NroCama`),
  UNIQUE KEY `Camas_NroCama_UNIQUE` (`Camas_NroCama`),
  KEY `fk_Terapia_Intensiva_Camas1_idx` (`Camas_NroCama`),
  CONSTRAINT `fk_Terapia_Intensiva_Camas1` FOREIGN KEY (`Camas_NroCama`) REFERENCES `camas` (`NroCama`)
) ENGINE=InnoDB DEFAULT CHARSET=utf8;
/*!40101 SET character_set_client = @saved_cs_client */;

--
-- Dumping data for table `terapia_intensiva`
--

LOCK TABLES `terapia_intensiva` WRITE;
/*!40000 ALTER TABLE `terapia_intensiva` DISABLE KEYS */;
/*!40000 ALTER TABLE `terapia_intensiva` ENABLE KEYS */;
UNLOCK TABLES;

--
-- Table structure for table `titulos_y_capacitacion`
--

DROP TABLE IF EXISTS `titulos_y_capacitacion`;
/*!40101 SET @saved_cs_client     = @@character_set_client */;
/*!50503 SET character_set_client = utf8mb4 */;
CREATE TABLE `titulos_y_capacitacion` (
  `Empleados_Personas_DNI` int unsigned NOT NULL,
  `Capacitacion` varchar(45) NOT NULL,
  PRIMARY KEY (`Capacitacion`),
  KEY `fk_Titulos_y_Capacitacione_Empleados1_idx` (`Empleados_Personas_DNI`),
  CONSTRAINT `fk_Titulos_y_Capacitacione_Empleados1` FOREIGN KEY (`Empleados_Personas_DNI`) REFERENCES `empleados` (`Personas_DNI`)
) ENGINE=InnoDB DEFAULT CHARSET=utf8;
/*!40101 SET character_set_client = @saved_cs_client */;

--
-- Dumping data for table `titulos_y_capacitacion`
--

LOCK TABLES `titulos_y_capacitacion` WRITE;
/*!40000 ALTER TABLE `titulos_y_capacitacion` DISABLE KEYS */;
/*!40000 ALTER TABLE `titulos_y_capacitacion` ENABLE KEYS */;
UNLOCK TABLES;

--
-- Dumping events for database 'covid19'
--

--
-- Dumping routines for database 'covid19'
--
/*!40103 SET TIME_ZONE=@OLD_TIME_ZONE */;

/*!40101 SET SQL_MODE=@OLD_SQL_MODE */;
/*!40014 SET FOREIGN_KEY_CHECKS=@OLD_FOREIGN_KEY_CHECKS */;
/*!40014 SET UNIQUE_CHECKS=@OLD_UNIQUE_CHECKS */;
/*!40101 SET CHARACTER_SET_CLIENT=@OLD_CHARACTER_SET_CLIENT */;
/*!40101 SET CHARACTER_SET_RESULTS=@OLD_CHARACTER_SET_RESULTS */;
/*!40101 SET COLLATION_CONNECTION=@OLD_COLLATION_CONNECTION */;
/*!40111 SET SQL_NOTES=@OLD_SQL_NOTES */;

-- Dump completed on 2020-05-22 22:04:01
